id	text	class
508461291028357120	'অামি জেনে শুনে বিষ করেছি পান,প্রেমের ওঅাশা ছেড়ে স্বপেছি প্রাণ,,,,'	BN_NEG
508649063303372800	'Photo: খুটাখালীতে হেডম্যান পুত্রকে গাছচোর সাজিয়ে আটক! সেলিম উদ্দিন, ঈদগাও:: কক্সবাজার উত্তর বন বিভাগের...'	BN_NEG
508630775596867584	'মঠবাড়িয়ায় পৌরশহরের পাকা সেতু বিধ্বস্তের দুই বছরেও নির্মিত হয়নি'	BN_NEG
508428788636459008	'দুটি পাবলিক পরীক্ষায়  এ+ পাওয়া সত্ত্বেও সবার স্বপ্নের ঢাকা ইউনিতে আমি পরীক্ষা দেই নি। এমনকি বুয়েটেও পরীক্ষা দেই... http:/t.co/iSmTpts00Y'	BN_NEG
508692808715091968	'রংপুর ও পাবনায় সড়ক দুর্ঘটনায় নিহত ৩:  http://t.co/VvAGJR3yL0'	BN_NEG
508593747958202368	'নদীতে আত্নহত্যার চেষ্টা, প্রেমিক মারা গেলেও সাঁতরে উঠলো প্রেমিকা http://t.co/9NkSclcmU0'	BN_NEG
508712000818384896	'জেএসসি ও সমাপনী পরীক্ষার্থীরা দুশ্চিন্তায়: বানের পানি কমিচ্চে কিন্তু স্কুলোত এখনও কাদা-পানি। হামাকেরে (আমাদের... http://t.co/Q9GUAYFi3E'	BN_NEG
508650751896195073	'তোমা ছাড়া আর এ জগতেমোর কেহ নাই কিছু নাই গোআমার ও পরান ও যাহা চায়'	BN_NEG
508642100972634112	'ভারতে আত্মহত্যার জন্য নদীতে ঝাঁপ : প্রেমিক মারা গেলেও বেঁচে গেছে প্রেমিকাআত্মহত্যার উদ্দেশ্যে নদীতে ঝাঁপ দিল...'	BN_NEG
508464630239596544	'শ্বেতার আগেও দেহব্যবসায় জড়িত সাত অভিনেত্রী http:/t.co/ejLBfPuOZA'	BN_NEG
508652868740452352	'গফরগাঁওয়ে পৌর কর্মচারী পরিষদের মানববন্ধ, থানা ঘেরাও:'	BN_NEG
508651645060657152	'আমি ভালোবাসি রাতের অন্ধকার ও বৃষ্টি কারণ এগুলো আমাকে দেয় সবার অলক্ষে নিজের দুঃখকে  চোখের জলে ঝরিয়ে ফেলার অবাধ...'	BN_NEG
508591845194997760	'বন্যায় গাইবান্ধার সুন্দরগঞ্জ, সাঘাটা, ফুলছড়ি ও সদর উপজেলার ৩০টি ইউনিয়নের ১৭ হাজার ৭৪টি ঘরবাড়ি এবং কৃষকের ৩ হাজার ৫ হেক্টর জমির'	BN_NEG
508580778649714688	'কয়েকটি ক্ষেত্রে অগ্রগতি হলেও #জাতিসংঘের বেঁধে দেয়া #উন্নয়ন #লক্ষ্যমাত্রা পূরণে #বাংলাদেশ দাতাদের কাছ থেকে... http://t.co/1skvojT2jc'	BN_NEG
508616690679447552	'স্থানীও খবরঃ মামলা-হামলা করে বিএনপির আন্দোলন স্তব্ধ করা যাবে না -আহসানুল তৈয়ব জাকির  http://t.co/5pjdgoN89D'	BN_NEG
508577191072772097	'তারেক মাসুদ ও মিশুক মুনীরের মামলার সাক্ষ্য গ্রহণ http://t.co/ZFa7SvFZZS'	BN_NEG
508711931859828736	'চার দিনেও গ্রেপ্তার নেই:  http://t.co/UKg8hKmY1u'	BN_NEG
508661691752534017	'এবার সংসদেও ঘুমালেন মন্ত্রী http://t.co/akIFL0kxRuLazy,indolent and corrupted ministers sleep too much.'	BN_NEG
508589796047192066	'এখন মাঝরাত,দুঃখী বালক কাঁদে।তবুও হাঁটছে দ্যাখো শীতার্ত পথে.'	BN_NEG
508567575257972736	'মাঝে মাঝে কষ্ট করে হলেওএকা একা চলা শিখতে হয়কারণ যাকে ছাড়া আপনি চলতে পারবেননা বা বাঁচতে পারবেন না ভাবছেনসে... http://t.co/Dz9FAhGsMK'	BN_NEG
508460623298957312	'ভারতীয় ও পাশ্চাত্য সংস্কৃতি ডুবিয়ে দিচ্ছে প্রিয় বাংলাদেশকেভারতীয় সংস্কৃতির আগ্রাসনে বিপর্যস্ত বাংলাদেশ। এ... http:/t.co/BKt2qcmi0f'	BN_NEG
508568457445535744	'পাবনায় মোটর সাইকেল ও ইঞ্জিনচালিত ভটভটির মুখোমুখি সংঘর্ষে নিহত এক আহত পাঁচ জন http://t.co/cABn58e20s'	BN_NEG
508586118791856129	'পুরান ঢাকার স্যার সলিমুল্লাহ মেডিক্যাল কলেজ ও মিটফোর্ড হাসপাতালের আন্দোলরত নার্সরা তাদের কর্মবিরতি প্রত্যাহার করে... http://t.co/bfHSI2kKdl'	BN_NEG
508611834493276160	'ভেড়ামারায় চাকুরী না করেও নিয়মিত বেতন উত্তোলন এক শিক্ষিকার http://t.co/VLwQIbpdKN'	BN_NEG
508571463633219584	'যুবদলের সভাপতি-সম্পাদকের বিচার শুরু: ঢাকা: পুলিশের কর্তব্যকাজে বাধা ও আইনশৃঙ্খলা বিঘ্নিত করার অপরাধে যুবদলের স... http://t.co/bnyRg2NdbS'	BN_NEG
508695681222340608	'টিভি দেখবেন.. দেখুন..চিন্তা বাড়তাছে না কমতাছে, তা-ও কিন্তু দেখুন!'	BN_NEG
508695302753120256	'বাইকের প্রথম দুর্ঘঠনা, আমি  অক্ষত ও বলিস্ট আছি তবে বাইক সামান্য আহত হয়েছে তবে হাসপাতালে  নেবার মত নয়, একটু তুতু... http://t.co/B78TISMmUn'	BN_NEG
508700351021993984	'রিভিও পর্যন্ত বাংলাদেশের ফেভারে আসে না!!! পুরা আম্পায়ার গুষ্ঠিটারে বুড়িগংগার পানিতে চুবাইতে মন চাইতেছে।'	BN_NEG
508582443880706048	'ভয়াবহ ভিডিও : যেভাবে মহিলাকে পিস্তল ঠেকিয়ে সর্বস্ব লুটে নিল: হরিদ্বারে সিসিটিভিতে ধরা পড়ল বাড়িতে ঢুকে লুঠপাট... http://t.co/i77dj76Nln'	BN_NEG
508658254734721024	'হৃদয় যখন ভুলে যায়, চোখ তখন দেখেও দেখে না।_____চার্লস ল্যাম্ব'	BN_NEG
508691179781623808	'ধর্ষণের চেয়েও জঘন্য বাল্য বিবাহ : ভারতের আদালতসমাজে বাল্য বিবাহের অভিশাপ ধর্ষণের চেয়েও ভয়াবহ। একটি মামলার... http://t.co/3IUvFNiGgb'	BN_NEG
508597344737447936	'RT @women_seller: ইয়া বড় বড় ডবকা পাছা.......চুদতে চাও কে কে.....??? http://t.co/qWARup3gae'	BN_NEG
508616986960859136	'সোনালী ও প্রাইম ব্যাংকের ৭ জনের বিরুদ্ধে দুদকের মামলা http://t.co/Rouxl9nzak http://t.co/uxBBvkTKaB'	BN_NEG
508647361691017216	'গর্বিত বাঙালী আমরা যতই চাকচিক্য দেখাই না কেন শালার নগ্ন মন মানসিকতা ঢাকতে এক টুকরা ছূতা ব্যবহারের যোগ্যতাও তোদের নাই — feeling খিপ্ত'	BN_NEG
508451647769817088	'এক নবদম্পতি স্থানীয় বখাটেদের হাতে শ্লীলতাহানির শিকার হন ও তাদের মোবাইল ফোনে বখাটেরা নগ্নদৃশ্য ধারণ করে। পরে এই... http:/t.co/3FHl2oHfAW'	BN_NEG
508595463122345985	'করুণা করে হলে চিঠি দিও, খামে ভরে তুলে দিওআঙুলের মিহিন সেলাইভুল বানানেও লিখো প্রিয়, বেশি হলে কেটে ফেলো তাও,... http://t.co/buMR8Bm58G'	BN_NEG
508459586664538112	'সত্যি ভালোবাসা গুলো এক তরফা হয়,এক পাশ থেকে একজন নিজের থেকে বেশি ভালবেসে যাবে,অন্য দিকে শুন্য।তবুও তারা খুব ভালবেসে যায়।'	BN_NEG
508582924845727745	'পল্টন থানার মামলা : যুবদলের সভাপতি-সম্পাদকের বিচার শুরু: গ্রীনবাংলা নিউজ: পুলিশের কর্তব্যকাজে বাধা ও আইনশৃঙ্খল... http://t.co/EpqUaC2iif'	BN_NEG
508705840241446912	'প্রেম ও দৈহিক সম্পর্ক, অক্ষম স্বামীর অনুমতি নিয়ে …: http://t.co/pzCwIxiOKS'	BN_NEG
508700828589633536	'জানুয়ারীতে আমিও ISSB তে পরীক্ষা দিব। যা থাকে কপালে!'	BN_NEG
508453181173821441	'যেখান থেকে তোমার কাফনেরকাপড়টুকু কাটা হবে, তা হয়তোইতিমধ্যে বাজারে চলে এসেছে ।তবুও তুমি বেখবর...!!!------ ইমাম... http:/t.co/GwoDF6kIQC'	BN_NEG
508662672238186497	'আমি কষ্ট পেলেওভয় নেই,বোঝার মতো কেউ নেই ।আসছি একা কাঁদছি একা,চলেও যাবো ঠিক এভাবে একদিন একা একাই ।#khan'	BN_NEG
508718751315812352	'বালের কেপ্টেণ হালা মাঠে থাইকাও দায়িত্ব নিতে পারে না...রুবেল রে দিছে পিটাইতে...'	BN_NEG
508620015344828416	'শুক্রবার সকালে আমি কার্ডিও কেয়ার হাসপাতালে রোগী দেখতে বসি। এমন একটা দিনেই উত্তরা আসার পরিকল্পনা করা হল, ঠিক... http://t.co/U9IIhpogKj'	BN_NEG
508591699044474881	'@arif_rony2 ঢুকে না রে ভাই।  জটিল থেকে ও জটিল তর।'	BN_NEG
508629599581138944	'তীব্র নিন্দা ও প্রতিবাদ জানিয়েছেন জামায়াত | Kalerbarta24 News'	BN_NEG
508714695084101632	'সেক্সভিডিও প্রকাশের মতো ভুলের পুনরাবৃত্তি চান না কিম কার্দাসিয়ান http://t.co/RfMBAzlpFc via @sharethis'	BN_NEG
508699520214265857	'পাপ বাপকে-ও ছাড়ে-না , আজকের পাপীদের-ও যেমন ছাড়বে-না ! রাজা-বাদশাহ দের বংশ-পরিচয় আজ কোথায় ? খুজে পান কোথাও কোন রাজ-পরিবারের বংশধর ?'	BN_NEG
508437095393021952	'আজকাল হাজারো ব্যস্ততায় নিজের শরীর এবং ফিটনেস্‌ নিয়ে চিন্তা করার আর সময় থাকেনা সময়। জিম তো দূরের কথা ঘরে বসেও... http:/t.co/JUHL0XZouL'	BN_NEG
508660007584296960	'লোহাগাড়ায় ভ্রাম্যমান আদালতের অভিযান গ্যাস সিলিন্ডার ভর্তি অবৈধ সিএনজি ষ্টেশনের ২টি ট্রাক আটক ও ৩ জনকে জরিমানা'	BN_NEG
508618896132161536	'পাম্পে অন্তর্বাস পরিবর্তন, ধরা পড়ল গোপন ক্যামেরায় (ভিডিও) |/ Last News BD .com http://t.co/notR22RYvo'	BN_NEG
508577593897930753	'‘ধর্ষণের চেয়েও নিকৃষ্ট বাল্যবিবাহ’ http://t.co/JAsqt7r1ze'	BN_NEG
508452901174661121	'কক্সবাজার সমুদ্র সৈকতে প্রকাশ্যে অশ্লীল ভিডিও ধারণ !http:/t.co/k4jguDbFtb http:/t.co/lj0alD0HuP'	BN_NEG
508575979795513345	'একের পর এক ভুল করেছি: লোপেজ: একের পর এক বিয়ে, বাগদান ও প্রেম ভেঙে যাওয়ায় স্বভাবতই মর্মাহত মার্কিন গায়িকা ও… http://t.co/buDdUyzhxp'	BN_NEG
508699134488895488	'বাবা-মা-ভাইকে বেঁধে স্কুলছাত্রীকে গণধর্ষণ: সিঁদ কেটে ঘরে ঢুকে বাবা, মা ও ভাইকে বেঁধে রেখে অষ্টম শ্রেণীর এক ছাত... http://t.co/Gq96r5FDNk'	BN_NEG
508457935115022337	'‘গৃহপালিতের’ গর্জন ও তোফায়েল আহমেদের ‘ক্রন্দন’ http:/t.co/fnNQTq9WSD'	BN_NEG
508587498642354176	'টাঙ্গাইলের যৌন পল্লী দেশের অভ্যন্তরে নারী ও শিশু বিক্রির আদর্শ স্থান ছিল http://t.co/Ix4uYjXwPO http://t.co/1c9rCzSYTK'	BN_NEG
508444190167277568	'নিহত আরিফ হোসেন (৩২) উপজেলার আমিশাপাড়া ইউনিয়নের বদ্রগাঁও গ্রামের সওদাগর বাড়ির সিরাজুল ইসলামের ছেলে। তিনি... http:/t.co/tZCcCQb5xE'	BN_NEG
508702768048381952	'ফ্রাঁন্সের সেই শক্তী-ধর রাজা লুই-কেত্রোজ ( রাজা - ১৪ ), যিনি দাবী করতেন সূর্যের সাথে কথা বলেন সেই সূর্য-রাজার-ও কোন বংশধরের সংবাদ ? নাই !'	BN_NEG
508589581998895104	'RT @shovon_abc: বয়সকালেই মানুষ ছোট খাট ভুলকরতে থাকে।ছোটখাটো ভুল করা যখন অভ্যাসহয়ে যায়তখন করে বড়ভুল !- জোছনা ও জননীর গল্প; হুমায়ূ…'	BN_NEG
508710759799353344	'সকল মুসলিম ভাই ও বোনদের ইউটিউব সহ গুগলের সকল সার্ভিস চালানো থেকে বিরত থাকার অনুরোধ জানাচ্ছ http://t.co/j0STfgIpyY'	BN_NEG
508577688932872192	'Photo: ১৭ বার ইন্টারভিউ দিয়েও চাকুরী পায়নি দিনাজপুরের মুক্তিযোদ্ধার সন্তান কুরবান আলী, দিনাজপুর ॥ বাঙালী... http://t.co/RSn75ErZAQ'	BN_NEG
508722547462901760	'নানান বিতর্কের জন্ম দেয়া সমাজকল্যাণ মন্ত্রী এবার সংসদেও ঘুমালেন! http://t.co/hunYxZszZI'	BN_NEG
508693624662413312	'@The_Pure_H3art এটাতো আমিও জানি আরমা কেউ থাকবো না কোন এক দিন।চলে যাবো না ফেরার দেশে।'	BN_NEG
508666010631929856	'আলালসহ ৮ জনের বিরুদ্ধে চার্জ : ১ মামলায় জামিনযুবদল সভাপতি মোয়াজ্জেম হোসেন আলাল ও সাধারণ সম্পাদক সাইফুল ইসলাম...'	BN_NEG
508636817378140161	'RT @_shahjalal: দুনিয়াতে খুব অল্প কিছু মানুষ আছে ,যারা আসলেই আলাদা , সারাজীবনেওতারা কারও আপন হতে পারে না , তাদেরকেউইবুঝে না!!!!!'	BN_NEG
508594449664864256	'লালমনিরহাটে মুক্তিযোদ্ধা বিদ্রোহী গ্রুপের প্রতিবাদ সভা ও সাংবাদিক সম্মেলন: আসাদুজ্জামান সাজু… http://t.co/xGmwv7kIRI'	BN_NEG
508460276409061378	'উইকেট পড়ল না একটিও! http:/t.co/WQKfbkBvf9'	BN_NEG
508635711244083200	'আমি নেতা বা কবি হতে পৃথিবীতে আসিনি।এসেছিলাম প্রেম দিতে ও নিতে।কিন্তু আজ আমায় নিঃস্ব হাতে চলে যেতে হচ্ছে।----- কাজী নজরুল ইসলাম'	BN_NEG
508570380038987776	'ছয়টি ভিন্ন ভিন্ন ঘটনা একসাথে চলছে। পান থেকে চুন খসলেই সব শেষ। হেরে যাবেন আপনি ও আপনার বাহিনী।#game #play http://t.co/uqs5IC2IGL'	BN_NEG
508696424348135424	'RT @firojtw: @ahmealauddin ছোট ভাইএর মাথায় মারার অভ্যাসটাও.......হা হা হা .....'	BN_NEG
508614599701463040	'আঃ হালিমের খুটির জোড় কোথায় সরকারি গাছ কর্তন করার ৬দিন পেরিয়ে গেলেও মামলা হয়নি অভিযুক্ত শিক্ষকের বিরুদ্ধে... http://t.co/ZhElgZkaBEnu'	BN_NEG
508614609700274176	'আঃ হালিমের খুটির জোড় কোথায় সরকারি গাছ কর্তন করার ৬দিন পেরিয়ে গেলেও মামলা হয়নি অভিযুক্ত শিক্ষকের বিরুদ্ধে http://t.co/VyfWs0a9ea'	BN_NEG
508587527414890496	'বিশ্বম্ভরপুরে কোনাজাল ব্যবহারকারীদের বিরুদ্ধে বিক্ষোভ ও স্মারক লিপি প্রদান - Abnews: http://t.co/KFbzzvx0rn'	BN_NEG
508431632617832448	'নো টু নিউ ওয়ার বিক্ষোভকারীদের র‌্যালী ও সমাবেশ অনুষ্ঠিত | Shadindesh http:/t.co/hH3DZ6W6rI'	BN_NEG
508587740351311872	'বিশ্বম্ভরপুরে কোনাজাল ব্যবহারকারীদের বিরুদ্ধে বিক্ষোভ ও স্মারক লিপি প্রদান - Abnews http://t.co/llIVCnU7PT'	BN_NEG
508587165660762112	'টাঙ্গাইলের যৌন পল্লী দেশের অভ্যন্তরে নারী ও শিশু বিক্রির আদর্শ স্থান ছিল http://t.co/ARc9v3P9lm'	BN_NEG
508695400153628673	'সহিহ আত্ তিরমিজি ::  হজ্জ অধ্যায়ঃঅধ্যায় ৯ :: হাদিস ৮১০কুতায়বা ইবন সাঈদ ও আবূ সাঈদ আল-আশাজ্জ (র.) আব্দুল্লাহ... http://t.co/AsNvLnpXGO'	BN_NEG
508624145169780736	'দেশে এখনো আড়াইকোটি লোক নিরক্ষরঢাকা, ৭ সেপ্টেম্বররবিবার, ০৭ সেপ্টেম্বর, ২০১৪প্রাথমিক ওগণশিক্ষামন্ত্রী...'	BN_NEG
508379995199119363	'RT @MDSHARIF288: *যাও পাখি যারে উড়ে তারে কইয়ো আমার হয়েচোখ জলে যায় দেখব তারেমন চলে যায় ওদূর দূরেযাও পাখি বলো তারে সে যে ভুলে না মরে *'	BN_NEG
508632634511990784	'@kmmbd কাজ কাম নাই সারাদিন এইটা সেইটা  দেইখা বেরাও?'	BN_NEG
508592172443398144	'সাদার্ন সমিতিও আরেকটু হলেই পালিয়ে যাচ্ছিলো, ঠিক মোহনবাগানের মতো .'	BN_NEG
508625787562364929	'এক সপ্তাহ পরেও গ্রেফতার হয়নি আসামিরা!'	BN_NEG
508587820491874304	'বিশ্বম্ভরপুরে কোনাজাল ব্যবহারকারীদের বিরুদ্ধে বিক্ষোভ ও স্মারক লিপি প্রদান - Abnews http://t.co/7Nmr5TCnaW'	BN_NEG
508608770096635904	'বিরলে ধর্মজৈন সিমান্তে বিএসএফের গুলি ও হাত বোমা নিক্ষেপ - Abnews: http://t.co/Iwff0KUZAM'	BN_NEG
508698406596784129	'@Im_Hassi ওকে আরো অন্তত দুই/আড়াই ঘন্টা থাকতে হবে। রিয়াদ-ও চলে গেল। কি যে হবে কে জানে!!!'	BN_NEG
508702634250088448	'জয় পাকিস্তান বঙ্গবন্ধু বলেছেন ৭১ এর ৭ ই মার্চ!আমার জীবনে আমি কখনো শুনিনি জয় পাকিস্তান নামক কোন শব্দ!যদিও... http://t.co/0E3oAuwveb'	BN_NEG
508699433580920832	'যেই জিনিস চোখে ধরে না তা কখনো মনে ও ধরে না। সন্দেহ এমন একটা জিনিস যা আস্তে আস্তে ঘৃণায় পরিনত হয়। — feeling confuse'	BN_NEG
508617255098134528	'@shahanaz_rumy আমিতো ভালবাসা কি তা ও জানি না'	BN_NEG
508439569671659521	'তালিকাচ্যুত: বিনিয়োগকারীদের গচ্চা দুই’শত কোটি টাকা **********************************************নানা অনিয়ম ও... http:/t.co/LkVfyxk0pe'	BN_NEG
508577856717602816	'তার ও আগেধ্রুবসরে ভেসে যায় অপরাপরহিমগর থেকে বলিআমার কোনো পৃথক অস্তিত্ব নেই......\\m// — listening to Mechanix - Dhrubo Shor'	BN_NEG
508706237890830336	'বাবা-মা-ভাইকে বেঁধে স্কুলছাত্রীকে গণধর্ষণ: সিঁদ কেটে ঘরে ঢুকে বাবা, মা ও ভাইকে বেঁধে রেখে অষ্টম শ্রেণীর এক ছাত... http://t.co/imP6ZnwMdM'	BN_NEG
508593571172065280	'৯০ লাখ টাকা আত্মসাত : ৭ ব্যাংক কর্মকর্তার বিরুদ্ধে মামলা করবে দুদক: ৯০ লাখ টাকা আত্মসাতের অভিযোগে সোনালী ও প্র... http://t.co/kUW6jIxAhr'	BN_NEG
508636035002408961	'যাবে যদি যাও,কেন পিছন ফিরে চাও ?দেখছ, কাদছি নাকি ?কাদবে কি আর শুকনো আঁখি !আবার কেন দাড়ালে ঘোরে?অভিনয় করে...'	BN_NEG
508587998749806592	'মতিউর রহমান মাদানি কিভাবে আল্লামা সাইদির উপর মিথ্যা কথা বলল তা  দেখুন ভিডিও ...... http://t.co/NzuJFy98If'	BN_NEG
508711205834588160	'পিলিচ দয়া কইরা কেও কতাডা চিরিয়াচলি নিয়েননা http://t.co/Nk7DVzVl8a'	BN_NEG
508577821120139266	'অপরাধ না করেও অপরাধী http://t.co/ssdQmlNTVE'	BN_NEG
508456511048151040	'মিশরের জন্যেও হুমকি  ইসলামিক স্টেট'	BN_NEG
508423077370159105	'ধূপগুড়িতে সালিশি সভার জেরে দশম শ্রেণির ছাত্রীকে গণধর্ষণ ও খুনের অভিযোগ ঢাকতে তৃণমূলের চাপ  http:/t.co/L3i5Sgherl'	BN_NEG
508700887770886144	'ভেড়ামারায় চাকুরী না করেও নিয়মিত বেতন উত্তোলন এক শিক্ষিকার http://t.co/GrtkyOye00'	BN_NEG
508633226634489856	'তবুও তাদের তারকা বলে যাদের চরিত্রের কোন ভালো অধ্যয় থাকে না দেহ প্রদর্শন যাদের মুল লক্ষ্য তার সাথে নিজে বিক্রি করতে হয় নিলামে ।'	BN_NEG
508450223878729729	'সরকারের নীতি ও ক্ষমতার দৈন্যতার কারণে নদী কমিশন ‘কাগুজে বাঘে’ পরিণত: স্টাফ রিপোর্টার: কেমন… http:/t.co/1mcCvoCPMV'	BN_NEG
508581175833538560	'গফরগাঁওয়ে ছাত্রদলের সাধারণসম্পাদককে কুপিয়ে জখম: গফরগাঁও: ময়মনসিংহের গফরগাঁওয়ে রোববার দুপুরে দুর্বৃত্তরা ছাত্র... http://t.co/VfdBrZaN5o'	BN_NEG
508665626240778240	'‘তুমি প্রতি সুন্দর পুরুষ ও নারীর প্রতি একের পর এক দৃষ্টি দিয়েই যাচ্ছ, আর তুমি মনে করছ যে এটা বোধ হয় তোমার...'	BN_NEG
508593172042510337	'Tomar Jonno… (68)এ আমার সহজ মৃত্যুর কোনো খবর নয়… যে তুমি পড়ে নেবে… এ আমার সহজ বেঁচে থাকার কথাও নয় কোনো….. যে... http://t.co/eIOz2Vkz15'	BN_NEG
508597394582556672	'ইয়াবা ও পিস্তলসহ টেকনাফে আটক ৩http://t.co/yQxkbrTo3P'	BN_NEG
508580646902853633	'আল-কায়েদার ভিডিও বার্তা তৈরি হয়েছে পাকিস্তানে!সম্প্রতি একটি ভিডিও বার্তায় আল-কায়েদা প্রধান আয়মান আল... http://t.co/rE72Evl8IN'	BN_NEG
508711451293655042	'আর লাল রঙের তুলিতে রাঙিও না তুমিআমার জীবনআমার আঁকা স্বপ্নগুলো ছিড়ে ফেলেদুঃস্বপ্ন তুমি আর এঁকো না। — feeling helpless'	BN_NEG
508666514342674434	'--কিরে ও তোর পিছনে লেগেছে কেন? --ওর গ্যাস খুব পছন্দ!! আর আমি তো পিছন দিয়েই গ্যাস ছাড়ি!!'	BN_NEG
508609137216061441	'বিচারপতিদের হিজড়া বানানোর মহান কাজটা বাস্তবায়ন করল আওয়ামীলীগ। এরপর শুরু হবে বিচারপতিদের বউ মেয়েদের পতিতা ও...http://t.co/N7be23BxOc'	BN_NEG
508717585601290240	'গাজীপুরের শ্রীপুরে ১০০ পিছ ইয়াবা ও গাঁজাসহ ৩ জন গ্রেপ্তার: http://t.co/LhPdhSwYjq'	BN_NEG
508660586016935936	'পবিত্র কোরআনের ওপর চায়ের কাপ রেখেতাসলিমা নাসরিন ও ব্লগার আসিফের আড্ডা !'	BN_NEG
508578880798470144	'গফরগাঁওয়ে পৌর কর্মচারী পরিষদের মানববন্ধ, থানা ঘেরাও: http://t.co/htbJ7HbbVd'	BN_NEG
508568951832326144	'GM News - মঠবাড়িয়ায় পৌরশহরের পাকা সেতু বিধ্বস্তের দুই বছরেও নির্মিত হয়নি ॥ ভোগান্তিতে হাজারো মানুষ http://t.co/Gg7P4E7eNQ'	BN_NEG
508579178292068353	'গাজীপুরের শ্রীপুরে ১০০ পিছ ইয়াবা ও গাঁজাসহ ৩ জন গ্রেপ্তার: http://t.co/CMZUlh1WgV'	BN_NEG
508587994979508224	'মতিউর রহমান মাদানি কিভাবে আল্লামা সাইদির উপর মিথ্যা কথা বলল তা  দেখুন ভিডিও ...... http://t.co/c3jS8AmgfD'	BN_NEG
508395326982873088	'অশ্লীল ভিডিও পাঠিয়ে বন্ধুত্বের প্রস্তাব !http:/t.co/E8gjTmQZKY'	BN_NEG
508464462937206784	'বিল বাড়ছে বাড়ুকহাসপাতালগুলো লাশ আটকে রাখুক,আমার মনটা মৃত,দেহটা লাশ...লাশকাটা ঘরে দিব্বি পরে আছি,তবুও আমার... http:/t.co/zhGtAu4l9a'	BN_NEG
508628629094268928	'@MDSHARIF288 তাহলে তো খুব বাজে ভাবে সময় কাটে। আপনার ভাই ও কি একি কাজে।'	BN_NEG
508403419489398785	'মতলব দক্ষিণে আলোচিত পিতা হত্যার ঘাতক ৩ বছরেও আটক হয়নি http:/t.co/39ECYIWwFh'	BN_NEG
508417022062235648	'আর্থিক প্রতিষ্ঠানেও বেড়েছে খেলাপি ঋণ - http:/t.co/DFqYTeUbvh @ http:/t.co/T0q6cdtRPC'	BN_NEG
508584406198390784	'নার্সদের পর এবার ইন্টার্ন চিকিৎসদের ধর্মঘট: সেবিকারা ফিরলেও শিক্ষানবিশ চিকিৎসকরা কর্মবিরতিতে চলে গেছে। ফলে রাজ... http://t.co/HTMJWju3ZM'	BN_NEG
508665121313652736	'বাল্য বিবাহ ধর্ষণের চেয়েও বড় অপরাদ....অতএব.... সাবধান'	BN_NEG
508580687813677056	'সিডি নিউজ২৪.কম, ডেক্স ০৬ সেপ্টেম্বর : অবেশেষে কার্লেোস তেভেজের বাবার অপহরণকারীদের ধরল পুলিশ ৷ তিনজন পুরুষ ও একজন... http://t.co/aLMmyLDODC'	BN_NEG
508389043441532928	'আগাম শ্রম বিক্রির মত আগাম দেহ বিক্রির প্রথাও প্রচলিত http:/t.co/QYaQ8Yxc3m'	BN_NEG
508664789074079744	'সংসদেও ঘুমালেন সমাজকল্যাণ মন্ত্রী, আমরা বাঙ্গালিরা বরাবরই গোরবিত'	BN_NEG
508577652999847936	'১৭ বার ইন্টারভিউ দিয়েও চাকুরী পায়নি দিনাজপুরের মুক্তিযোদ্ধার সন্তান http://t.co/y9EtVKrpNU'	BN_NEG
508460195479969792	'কাঠের গাড়ি আটক করে পুলিশ ও বনবিভাগ কর্মকর্তাদের চাঁদাবাজি! http:/t.co/BA10wCDHBE'	BN_NEG
508571465004756992	'৭ ব্যাংক কর্মকর্তার বিরুদ্ধে মামলাঅনুমোদন করেছে দুদক: ঢাকা: ৯০ লাখ টাকা আত্মসাতের অভিযোগে সোনালী ও প্রাইম ব্য... http://t.co/upXmXzrgqG'	BN_NEG
508654169725878272	'বালিকা..  তোমার মনের মিষ্টি নদী  হইতে আমারে ১ গেল্লাস পানি আইনা দেও..আমি আমার কুইত্তারে  পান করাইব..ম্যানশন কইত্তান্নু.. :p'	BN_NEG
508664820703690752	'স্বজনরা বলছেন, পরিবারের সবাইকে হত্যার সঙ্গে জড়িত অপরাধীদের বিরুদ্ধে মামলার প্রস্তুতি নিচ্ছিলেন বলে ইয়াসিনকেও...'	BN_NEG
508658670574796800	'আমি জানিনা আগামীকালবেচেঁ থাকব কিনা তবুও জেগে উঠারআশায় এলার্ম দিয়ে রাখি................ — feeling sleepy'	BN_NEG
508641429770760192	'যখন তোর্ মা বোনরে তোর্ চোখের সামনে ধর্ষণ করা হয়, তোর্ বাপ ও ভাইরে নির্মন অত্যাচার করে খুন করা হয় - তখন তোর্ যা...'	BN_NEG
508575807459966976	'RT @shahin20feb: কিছু মানুষ কে যেমন ভালবাসতেই ভাল লাগে ,তেমন কিছু মানুষ কে ঘৃণা করতেও ঘৃণা লাগে !'	BN_NEG
508596329464221696	'আমি জানি, একদিন আমিও এমনপতঙ্গের হৃদয়ের ব্যথা হব- সমুদ্রের ফেনা শাদা ফেনায় যেমনভেঙে পড়ে- ব্যথা পায়।মানুষের... http://t.co/QWBb6DyebS'	BN_NEG
508657480688480257	'এতো ফেইক আইডি থেকে রিকুয়েষ্ট আসলে সাথে সাথে ব্লক আর নাহলে ডিলিট করে দিতাম। এখন দেখি ফেইক আইডি থেকে ফলো করে তাও...'	BN_NEG
508610606568845313	'ইরাকের আল্বু-হামাদ ইউসুফিয়্যাহতে আল-খিলাফাহ ইসলামিক স্টেইট_এর মুজাহিদীনেরা ৩০ জন শীয়া সেনা ও মিলিশিয়াকে হত্যা... http://t.co/gK027LcIzg'	BN_NEG
508701653399502849	'অতি দ্রুত যে সম্পর্ক গড়ে ওঠে,উষ্ণতা কমে যেতেও তার সময় লাগে না....'	BN_NEG
508657828156825600	'ব্যাটিং বিপর্যয়ে বাংলােদশ: শুরুতেই বাংলাদেশের দুই ওপেনার ব্যাটসম্যান তামিম ইকবাল ও ইমরুল কায়েস আউট। কেমার রো...'	BN_NEG
508457989397684224	'আমি প্রধানত গে ভিডিও এবং জাপানের গে ইমেজ চালু করছি. http:/t.co/j2Ar54IQqP'	BN_NEG
508379598095020032	'*যাও পাখি যারে উড়ে তারে কইয়ো আমার হয়েচোখ জলে যায় দেখব তারেমন চলে যায় ওদূর দূরেযাও পাখি বলো তারে সে যে ভুলে না মরে *'	BN_NEG
508659656424570880	'নিরবেই কাঁদব___কবি রেদোয়ান মাসুদ.আমি নিরবেই কাঁদবনিরবেই হাসব,কখনও বলব না আরআমার কান্না পাচ্ছে দেখে যাও...'	BN_NEG
508613234312884224	'সংসদেও ঘুম পিছু ছাড়েনি সমাজকল্যাণ মন্ত্রীর. http://t.co/jYrOk4ZtEg'	BN_NEG
508618690850725889	'রবিবারের বিকেলের মুড়ি, চানাচুর ,চপের দিন ও বোধহয় শেষ হয়ে এলো। সবার শুধু খাই খাই বাতিক!'	BN_NEG
508427236564029440	'রিয়াল মাদ্রিদ ছাড়বেন রোনালদোও! http:/t.co/SreyAOCvLP'	BN_NEG
508587902943506432	'বিশ্বম্ভরপুরে কোনাজাল ব্যবহারকারীদের বিরুদ্ধে বিক্ষোভ ও স্মারক লিপি প্রদান - Abnews http://t.co/aJSBV4LQoz'	BN_NEG
508651695451033600	':/ :/সুন্দরী মেয়েদেরসাথে প্রেমকরা মোটেও ঠিক না।কারণ:১) ওরা এয়ারটেলবোনাসেরমত প্রপোস পায় !!২) ওরা...'	BN_NEG
508587655450222593	'বিশ্বম্ভরপুরে কোনাজাল ব্যবহারকারীদের বিরুদ্ধে বিক্ষোভ ও স্মারক লিপি প্রদান - Abnews http://t.co/0Xgsan5JVa'	BN_NEG
508643650679877635	'মিটফোর্ট হাসপাতালে নার্স ও শিক্ষানবীস চিকিৎসকদের দিনভর পাল্টাপাল্টি ধর্মঘট; বিকেলে প্রত্যাহার। রোগিদের চরম দুর্ভোগ।'	BN_NEG
508707118170783745	'আমি হ্নদয়ের কথা বলিতে ব্যাকুল শুধায়লোনা কেহ ...সেতো এলোনা, সেতো এলোনা, সেতো এলোনা যারে সপিলাম এই প্রান ও মন ও দেহ!! — feeling alone'	BN_NEG
508583623348748288	'সোনালী ও প্রাইম ব্যাংকের ৭ কর্মকর্তার বিরুদ্ধে মামলা করবে দুদক http://t.co/KcG0oJM3nu'	BN_NEG
508436259250126849	'টাঙ্গাইলে কমতে শুরু করেছে যমুনা ও ধলেশ্বরী নদীর পানি  মোঃখায়রুল ইসলাম, টাঙ্গাইলঃ টাঙ্গাইলে যমুনা ও ধলেশ্বরী... http:/t.co/3eojXRkYky'	BN_NEG
508579121304469504	'নামায পড়া হারাম।কেননা আল্লাহ নামাযের ধারে কাছে যেতেও নিষেধ করেছেন ।রেফারেন্সঃ আল কুরআনের সূরা নিসার ৪৩ নম্বর... http://t.co/yEpSpEtCQD'	BN_NEG
508587226817507328	'বিশ্বম্ভরপুরে কোনাজাল ব্যবহারকারীদের বিরুদ্ধে বিক্ষোভ ও স্মারক লিপি প্রদান - Abnews http://t.co/dj8KJ8L5jn'	BN_NEG
508701185562669057	'অভিশপ্ত জীবনের কারনে তাদের নিঃস্পাপ জীবন-ও হয়ে উঠেছিলো অভিশপ্ত ,হয়েছে আজ তারা বিলুপ্ত ! বিলুপ্ত রাজ-পরিবার,বিলুপ্ত আজ রাজ-পরিবারের বংশধর!'	BN_NEG
508693805696950272	'সড়কের কাজ শেষ হয়নি, বিল পাওয়া সারা: একটি সড়কের মেরামত কাজ শেষ না হলেও ঠিকদারের বিল অনুমোদন... http://t.co/tIpG0QWbrU #BreakingBangladesh'	BN_NEG
508695824914976768	'তাবলীগকে ভাঙার অপচেষ্টা॥ অার্থিক দুর্নীতি ও রাজনীতিকরণের অভিযোগ http://t.co/30LJPdOTGY'	BN_NEG
508643038022086656	'পার্শ্বিক ও দিশাহীন গবেষণা'	BN_NEG
508612162789859328	'Daily Manab Zamin | সংসদেও ঘুমালেন সমাজকল্যাণ মন্ত্রী http://t.co/FEo6ZsQIL1'	BN_NEG
508717725045489664	'অভিযোগ রয়েছে সৈয়দ ওয়াসিফ তাবলীগ জামাতের কথা বলে দেশে ও দেশের বাইরের বিভিন্ন ব্যক্তির কাছ থেকে অর্থ সংগ্রহ করেন... http://t.co/xrZ5bhZHJd'	BN_NEG
508594603058929664	'আগৈলঝাড়ায় যৌতুক ও মাদক মামলার আসামী গ্রেফতার http://t.co/SJFDpb5UMv'	BN_NEG
508611574207365120	'উন্নত দেশগুলোতে কার পোলিং অনেক জনপ্রিয় হলেও বাংলাদেশে এ নিয়ে এখনও কোন কাজ হয়নি, কারাটুর মাধ্যমে দেশের যানজট... http://t.co/MSgUg3iQDg'	BN_NEG
508577326280740864	'অপরাধ না করেও অপরাধীঢাকা, ৭ সেপ্টেম্বর : রাজধানীর সন্নিকটে আশুলিয়া থানা এলাকায় অপরাধ না করেও এক মামলায় ৫ জনকে... http://t.co/dhEHx5DXpn'	BN_NEG
508693990603251713	'@maimuna_ctg আমার নিজের কাছেও যদিও নাই, পারলে দেখাব, বাট জিনিসটা ভালো কিছু হয় নাই!'	BN_NEG
508594377678401536	'বেশেষে কার্লোস তেভেজের বাবার অপহরণকারীদের ধরেছে পুলিশ। তিনজন পুরুষ ও একজন নারীকেকে অপহরণের অভিযোগে গ্রেপ্তার... http://t.co/GyMFWtFw3s'	BN_NEG
508462961623449602	'২৪ কোটি টাকার স্বর্ণালঙ্কার নিয়ে উধাও বন্ধকি প্রতিষ্ঠান http:/t.co/RndLSMBvRZ'	BN_NEG
508587154042142720	'বিশ্বম্ভরপুরে কোনাজাল ব্যবহারকারীদের বিরুদ্ধে বিক্ষোভ ও স্মারক লিপি প্রদান - Abnews http://t.co/geVDvX4mme'	BN_NEG
508647876940267520	'পানির অপর নাম জীবন হলেও, জীবনটা পানির মতো এতো সহজ না । বড়ো কঠিন এ জীবন । খুবই কঠিন ।'	BN_NEG
508660794809016320	'চৌমুহনীতে ১৪ ও ঝালকাঠিতে ১২ দোকান ভস্মীভূত: চৌমুহনীতে অগি্নকাণ্ডে ১৪টি ব্যবসা প্রতিষ্ঠান পুড়ে গেছে। শনিবার স...'	BN_NEG
508634898677391361	'এ ধরায় থেকেও , রয়ে গেলে অধরা ।দুর্ভাগ্যের নিয়তি বলার আর কিছুই নেই , মন পথ হারা ।।'	BN_NEG
508610631990136832	'হিন্দি সিরিয়াল ও হিন্দি সিনেমায় নেশাগ্রস্তকোন মেয়েকে বিবাহের জন্য পছন্দ করবেন না।কুটনামী, নোংরামী আর জাকজমক... http://t.co/gm2y3Xta8y'	BN_NEG
508458556522106881	'বলিউড যেভাবে যৌন উত্তেজনা মূলক দৃশ্য হয় (ভিডিও) http:/t.co/1x8ysDXzcZ via @sharethis'	BN_NEG
508460621781037056	'কাঠের গাড়ি আটক করে পুলিশ ও বনবিভাগ কর্মকর্তাদের চাঁদাবাজি!http:/t.co/Sz6HMLlmA2 http:/t.co/ssn3AJzl8v'	BN_NEG
508458971791777792	'কক্সবাজার সমুদ্র সৈকতে প্রকাশ্যে অশ্লীল ভিডিও ধারণ !কক্সবাজার : অশ্লীল ও নিম্নমানের মিউজিক ভিডিওতে ছেঁয়ে গেছে... http:/t.co/9UimxcDhmI'	BN_NEG
508704238130978816	'অতিরিক্ত সুন্দর নারী ও পুরুষ প্রেমে ধোঁকা দেয় বেশি  আজকাল প্রেমের সম্পর্কে ধোঁকা দেয়ার ঘটনা অহরহই ঘটে চলেছে।... http://t.co/WZ1SnNUzvd'	BN_NEG
508572449441845248	'সেক্সভিডিও প্রকাশের মতো ভুলের পুনরাবৃত্তি চান না কিম কার্দাসিয়ান http://t.co/xlD1yPdGzY'	BN_NEG
508707642135437312	'শিয়া আলেম ও অধিকাংশ মুসলিম আলেমের মধ্যে বিরোধের বাস্তব চিত্র http://t.co/8qLHm6JiRs#shiatruth#بنغالي #বাংলা #islam#لغات_وترجمه#ريتويت'	BN_NEG
508587171637248002	'বিশ্বম্ভরপুরে কোনাজাল ব্যবহারকারীদের বিরুদ্ধে বিক্ষোভ ও স্মারক লিপি প্রদান - Abnews: http://t.co/pPfwTbEqnk'	BN_NEG
508692791610707968	'রংপুর ও পাবনায় সড়ক দুর্ঘটনায় নিহত ৩:  http://t.co/8vsoqNcHIn'	BN_NEG
508442971880964096	'বন্ধু তুমি হয়তো ভূলে আছো আমায়আমিতো এখনো পারিনিএলোমেলো মনটা তোমার জানি অগোচরে আমায় খোজেতবুও কখন বলোনি...!!!... http:/t.co/YRmcLzo8YW'	BN_NEG
508660999864733696	'রাজধানীর পরীবাগের একটি বাসা থেকে বিপুল পরিমান বিদেশী মুদ্রা, মাদক ও সংসদসদস্য স্টিকারযুক্ত একটি মার্সিডিজ গাড়ীসহ একজন আটক'	BN_NEG
508632661204930560	'এই রকম তাইজুল অনেক আসলো আবার হারায়া ও গেল কিন্তু কেউই সাকিব আল হাসান হইতে পারল নাহ!!  #BANvWI'	BN_NEG
508621627492696064	'@bdsopon  কোথাও নাই মামা শান্তি'	BN_NEG
508654832027439104	'তামিমরে বাদ দেওয়ার কথা চিন্তা করলেও কিন্তু আন্দোলন করমু :('	BN_NEG
508639790544068609	'তারেক রহমান বোমাবাজ, ও দেশে ফিরলে বোমাবাজি বাড়বে: এরশাদ'	BN_NEG
508622200761757696	'নয় নারী ও দালালকে মুক্ত করতে এসে গ্রেপ্তার হলেন যুবদলকর্মী......'	BN_NEG
508613681173626880	'ঝিনাইদহে আবাসিক হোটেলে মাদক ও দেহ ব্যবসা জমজমাট: বসির আহাম্মেদ, ঝিনাইদহ : ঝিনাইদহ শহর ও শহরতলির বিভিন্ন স্থানে...http://t.co/ypdGdm4fEi'	BN_NEG
508719121580957697	'কর্তাদের অন্ধকারে রেখে ফুটবলারদের এক মাসের ছুটি ঘোষণা আর্মান্দোর৷ নিজেও গোয়ার টিকিট কেটে ফেলেছেন৷ কর্তারা কী... http://t.co/gVmsuWCkaB'	BN_NEG
508610266808856576	'ঝিনাইদহে আবাসিক হোটেলে মাদক ও দেহ ব্যবসা !  http://t.co/wymtx1hAUF'	BN_NEG
508378069321527296	'মহেশপুরে ইয়াবা ও ফেনসিডিলসহ ৫ জন আটক http:/t.co/Tlqn9DVnLK'	BN_NEG
508463788052738048	'যেখান থেকে তোমার কাফনেরকাপড়টুকু কাটা হবে, তা হয়তইতিমধ্যে বাজারে চলে এসেছে।।তবুও তুমি বেখবর !!!---- ইমাম গাজ্জালী (রঃ)'	BN_NEG
508580679571890178	'সিডি নিউজ২৪.কম, ঢাকা ০৭ সেপ্টেম্বর : পুলিশের কর্তব্যকাজে বাধা ও আইনশৃঙ্খলা বিঘ্নিত করার অপরাধে যুবদলের সভাপতি... http://t.co/MNW5OKKwxM'	BN_NEG
508652767372910592	'আল্লাহর সন্তষ্টির জন্য দান করিলে মাল সম্পদ কমেনা বরং বাড়ে , যেমন মাথার চুল সারা জীবন কাটলেও কমেনা বাড়তেই থাকে ।ইমাম গাজ্জালী (রহঃ)'	BN_NEG
508666355533746176	'আমার সব থেকে বড়দুর্বলতা তোমাকে ভালোবাসি !যদি ওতুমি ভালোবাসো আমাকে না ।আমি তোমাকে নিয়ে স্বপ্নদেখি তুমি ও...'	BN_NEG
508714891520524288	'সেক্সভিডিও প্রকাশের মতো ভুলের পুনরাবৃত্তি চান না কিম কার্দাসিয়ান http://t.co/o8Qfu3S7nU'	BN_NEG
508566776607948800	'আ’লীগ নেতাকে মিথ্যা মামলা ও নির্যাতনের প্রতিবাদে নালিতাবাড়ীতে সমাবেশ ও লাঠি মিছিলSee more at-... http://t.co/eEg5wCLLjw'	BN_NEG
508591541384777728	'@shakz_samir হা হা!  আপু গুলা ও আমাদের শান্তিতে থাকিতে দিবে না'	BN_NEG
508429672448012288	'৭১ এর পরাজিত শক্তিরা ৭৫এ বঙ্গবন্ধুকে স্বপরিবারে নির্মমভাবে হত্যা করে সূচনা করেছিল মুক্তিযুদ্ধ ও বাংলাদেশের... http:/t.co/dyzrruI7Cm'	BN_NEG
508713809117073408	'বড় ভাই মানুষ,চাইছিলাম নোংরামী করুম না কিন্তু,নোংরামী না কইরা পারতেছি না।ঠেলাটা সামলাও ভাই,বেস্ট অফ লাক!---------------- আদনান রহমান।'	BN_NEG
508451569084272640	'২৪ কোটি টাকার স্বর্ণালঙ্কার নিয়ে উধাও বন্ধকি প্রতিষ্ঠানhttp:/t.co/Lf70TkbFqe'	BN_NEG
508633147022385152	'সাতক্ষীরা জেলা ছাত্রলীগ ও কলেজ হল ছাত্রলীগের মতবিনিময়'	BN_NEG
508628067422842881	'ইয়াবা ও গাঁজাসহ গ্রেফতার ৫'	BN_NEG
508634152518709249	'শাওন হত্যা : সিদ্ধিরগঞ্জে থানার সামনে মানববন্ধনে যুবলীগ ক্যাডারদের গ্রেফতার ও ফাঁসি দাবি |'	BN_NEG
508637117258690560	'গতকাল ইন্সটিটিউট অব লেদার ইঞ্জিনিয়ারিং এন্ড টেকনোলজির শিক্ষার্থী এবং এলাকাবাসীর মধ্যে ৩ ঘন্টা যাবৎ সংঘর্ষ হলেও...'	BN_NEG
508710710222659584	'মাসদাইরে জেলা ছাত্রদল নেতা রনি বাসার সিড়ি কোঠায় অস্ত্র ও গুলি উদ্ধার | newsnarayanganj http://t.co/RFvjF12PRu'	BN_NEG
508665332798877697	'যে কারণে আপনার সন্তান আপনাকে ভাল নাও বাসতে পারে!'	BN_NEG
508577077357211648	'আত্মহত্যার জন্য নদীতে ঝাঁপ, প্রেমিক মারা গেলেও সাঁতরে জীবন বাঁচালো প্রেমিকা http://t.co/WPMJPWOytk'	BN_NEG
508443570408529920	'জীবনে কতবার যে হেরে গেলাম, তার হিসেব করতে গিয়েও হেরে গেলাম'	BN_NEG
508663988914511873	'সিডি নিউজ২৪.কম, দিনাজপুর ০৭ সেপ্টেম্বর : দিনাজপুরের হিলি সীমান্ত দিয়ে বাংলাদেশ ও ভারতে অনুপ্রবেশের দায়ে ৯ জনকে...'	BN_NEG
508596992369389568	'তারেক মাসুদ ও মিশুক মুনীরের মামলার সাক্ষ্য গ্রহণhttp://t.co/KEzq1qzEib'	BN_NEG
508464038146494465	'অভিশপ্ত ইসরাইল: মহান আল্লাহর গজবশুরু!!_________________________পঙ্গপালের আক্রমণে বিপর্যস্তইসরাইল: বাইবেল ও... http:/t.co/ccVSwB2MIy'	BN_NEG
508703180264579073	'কি যে খেলে ওরা তা বুঝি না। ৩ দিনের খেলা চলতেছে  তাও ও কতক্ষণ পর পর বৃষ্টি নামে। তারপর ও ব্যাটিং এ নাইমা ই ৫ জন... http://t.co/fvnuypVclJ'	BN_NEG
508612319837188096	'সোনালী ও প্রাইম ব্যাংকের কর্মকর্তার বিরুদ্ধে মামলা করবে দুদক | News69bd  http://t.co/09MuQBdL3k'	BN_NEG
508654552321908736	'আজিমপুর গোরস্তানের লাশ খাচ্ছে কুকুর! (ভিডিও) - ইনসাফ টোয়েন্টিফোর ডটকম'	BN_NEG
508666274759868416	'@nisshango কিন্তু তুমি না আসলে আমার মত কয়েকজন যে মন খারাপ করে সেটাও তোমার বুজা উচিৎ। @rofarahny'	BN_NEG
508710985616461824	'শাওন হত্যা : সিদ্ধিরগঞ্জে থানার সামনে মানববন্ধনে যুবলীগ ক্যাডারদের গ্রেফতার ও ফাঁসি দাবি | http://t.co/ZZE4Kx2DZt'	BN_NEG
508619111300349952	'গাজার নৌকা পাহাড়তলি যায়ওঁ মিরা ভাই — eating গাজা/ Boy ¥BAD MAN¥'	BN_NEG
508724455791550465	'সুশীল হব ৩ (#শুধু_উদাহরন)------------খন্দকারের মিথ্যা  বিভ্রান্তিকর তথ্য নিয়ে সামান্য কথা না বললেও বিটিভি কেন... http://t.co/VyZ6JHRPMk'	BN_NEG
508576757679915008	'বাংলার খবর » সব হারানো ইয়াসিন নিজেও না ফেরার দেশে http://t.co/G2GafCjS6F'	BN_NEG
508710685891895296	'মাসদাইরে জেলা ছাত্রদল নেতা রনি বাসার সিড়ি কোঠায় অস্ত্র ও গুলি উদ্ধার | newsnarayanganj http://t.co/oBOnivAci1'	BN_NEG
508403420718702592	'মতলব দক্ষিণে আলোচিত পিতা হত্যার ঘাতক ৩ বছরেও আটক হয়নি http:/t.co/gHb7D8CNmj http:/t.co/JalVaAqWLw'	BN_NEG
508465444203003904	'আড়াই মাসেও ফেরেনি রাফসানের জ্ঞান http:/t.co/LOF1U4MwTW'	BN_NEG
508706272393560064	'কম্পিউটার মেমরির মতো মস্তিষ্ক থেকেও মুছে ফেলা যাবে কষ্টের স্মৃতি http://t.co/Y0mYCZa5Fn'	BN_NEG
508423056302563328	'@sumpaii এত হাইসেন না তাহলে আপনারটাও চলে যেতে পারে'	BN_NEG
508587506132996096	'বিশ্বম্ভরপুরে কোনাজাল ব্যবহারকারীদের বিরুদ্ধে বিক্ষোভ ও স্মারক লিপি প্রদান - Abnews http://t.co/J1ifdE4nZT'	BN_NEG
508662479753199616	'আমরা অসভ্য জাতি অমানুষ বলেলও বেশি কিছূ বলা হবে না,মালেশিয়া,আমেরিকা,সুইজারলেন্ড তারা উন্নত কেন ?তাদের মত আমরাও...'	BN_NEG
508612306880966656	'টাক সমস্যার এক অভিনব বিকল্প সমাধান (ভিডিও সহ)http://t.co/LZKlYf5XAf'	BN_NEG
508580625909960704	'☆ ✓Like ✓ Comment ✓ Share ☆হে হে হে সুরাইয়া... বিধি নিষেধ যা আছে তুলে নাও ....ও ও হো সুরাইয়া.... অভিমানের দরজা... http://t.co/dxwyYzjmWL'	BN_NEG
508625549862768641	'প্যারাসিটামল ২ টা খাইয়াও মাথা ঘুরানো কমবে কিনা বুঝতাসিনা ।কেঁউ মাইরালা !!!!!! =D =D =D'	BN_NEG
508699641924575232	'তোমার শহরে মরে যাচ্ছে সতেজ প্রাণ। অথচ তুমি কিচ্ছু বলছ না! ঠিকই মানুষের মৃত্যুর পর তুমিই হয় যাও তাঁর বিশাল আপন।... http://t.co/NgxJEUSvft'	BN_NEG
508404075323744256	'চাঁদপুর জেলা বিএনপির নিন্দা ও প্রতিবাদ http:/t.co/0JDA3djUlM http:/t.co/F3O9f3oHgQ'	BN_NEG
508646460276355072	'গণতন্ত্র ও আইনের শাসনে বিশ্বাস করে না সরকার : জামায়াত'	BN_NEG
508577465531662336	'আমি নিরবেই কাঁদবনিরবেই হাসব,কখনও বলব না আরআমার কান্না পাচ্ছে দেখে যাওএকবার ।.আমি নিরবেই জ্বলবনিরবেই মরব... http://t.co/piGx2LPIcd'	BN_NEG
508403318545076224	'সেনাবাহিনীর ওপর হামলা ও কাঠ পাচারের ঘটনা : ১২ মামলার আসামি হয়েও মানিকছড়ির ইউপি চেয়ারম্যান � http:/t.co/YIdWbGDwln'	BN_NEG
508577454827401218	'অশ্লীল ভিডিও পাঠিয়ে বন্ধুত্বের প্রস্তাব http://t.co/bdo8lTcLMi via @sharethis'	BN_NEG
508712550683275265	'চার দিনেও গ্রেপ্তার নেই: http://t.co/3qdbW75zoh'	BN_NEG
508404073356218368	'চাঁদপুর জেলা বিএনপির নিন্দা ও প্রতিবাদ http:/t.co/TnFrJRx0N5'	BN_NEG
508663953204215808	'নেত্রকোনার মোহনগঞ্জ উপজেলায় পূর্ব শত্রুতার জেরে এক হিন্দু বাড়িতে হামলা চালিয়ে ভাঙচুর ও লুটপাটের ঘটনায় ইউনিয়ন...'	BN_NEG
508692211731795968	'ক্রোম ও ফায়ারফক্সে বাংলা দেখতে সমস্যা? | Techartisans http://t.co/SqqydFSwVX'	BN_NEG
508441452968280064	'নো টু ন্যাটো – নো টু নিউ ওয়ার বিক্ষোভকারীদের র‌্যালী ও সমাবেশ অনুষ্ঠিত http:/t.co/J47rG4yZ5p'	BN_NEG
508432973209677824	'কাজ না করেও মজুরি নেন অধিকাংশ অস্থায়ী কর্মচারী http:/t.co/gbWDmKKBuX'	BN_NEG
508587674412650497	'বিশ্বম্ভরপুরে কোনাজাল ব্যবহারকারীদের বিরুদ্ধে বিক্ষোভ ও স্মারক লিপি প্রদান - Abnews: http://t.co/xBsmCF5uCP'	BN_NEG
508592387862437888	'বড় ভাই আইন যা আছো জলদি হ্যাংগা করি লাও । লাইন কিলিয়ার করো . . . .দেরী করলে আমি শেষ. . . . .#420 এডমিন'	BN_NEG
508691762433376256	'ছল কইরা কল ঘুরায়,এমন মানুষ কেউ না চায়।অর্থ: কথায় ও কাজে প্রতারণা করে এমন লোককে কেউ পছন্দ করে না।'	BN_NEG
508579275763904512	'নামায পড়া হারাম।কেননা আল্লাহ নামাযের ধারে কাছে যেতেও নিষেধ করেছেন ।রেফারেন্সঃ আল কুরআনের সূরা নিসার ৪৩ নম্বর... http://t.co/37VYdsWbLM'	BN_NEG
508648596690849792	'.:: ধর্ষণের চেয়েও জঘন্য বাল্য বিবাহ : ভারতের আদালত ::.'	BN_NEG
508633889774907393	'প্রযোজনা প্রতিষ্ঠান তথাকথিত মডেলদের দিয়ে অশ্লীল ভিডিও নির্মাণ করে সারাদেশে ছড়িয়ে দিচ্ছে।'	BN_NEG
508457523037622272	'কিং লিও ও ডন ইনিয়েস্তা............কভার পিকে দেওয়ার জন্য একদম পারফেক্ট একটা পিকমেসি ও ইনিয়েস্তা তথা বার্সা... http:/t.co/F7AqlbLNTU'	BN_NEU
508713901236576256	'@Im_Hassi ও! জানতাম না তো... জিম্বাবুয়ে সিরিজের স্কোয়াড কি ঘোষিত হয়ে গিয়েছে?'	BN_NEU
508645035449925632	'“আল্লাহর রাস্তায় এক সকাল অথবা এক বিকাল দুনিয়া ও দুনিয়ার ভিতর যা কিছু আছে, তা থেকে উত্তম।”---[সহীহ বুখারী, হাদীস নং-৬১৯৯]'	BN_NEU
508656465473581057	'১. লিওনেল মেসি।২. আঁদ্রেস ইনিয়েস্তা।৩. ক্রিশ্চিয়ানো রোনালদো।৪. অ্যাঞ্জেল ডি মারিয়া।৫. রাদামেল ফ্যালকাও।৬....'	BN_NEU
508592404325072896	'@shakz_samir আপ্পনাকে ও'	BN_NEU
508425173515915264	'শুধুমাত্র রেডিও ভূমি ৯২.৮ এফ এম এঅনলাইনে শুনতে কান পাতুন http:/t.co/fvVaLXhwzU http:/t.co/Ux2q0iMizg'	BN_NEU
508631961553084417	'ঢাকাতে এক ভাইয়ের জন্য খুবই জরুরি [A+ve]রক্তের প্রয়োজনরক্ত দিতে না পারলেও #কপি_পেষ্টকরে ছড়িয়ে দিন,যেন অন্য...'	BN_NEU
508451998573023232	'পৃথিবীর সবচেয়ে বড় যাত্রীবাহী জাহাজ, দীর্ঘ ১১৮৭.০৫ ফুট (ভিডিও সহ) http:/t.co/lpdn4ev86p'	BN_NEU
508621948713062400	'@karimbenezema  না দিতে দেখছি ।কিক ছবির মধ্যে কিক এর পরে সাল্লুর মুখ যেমন দেখায় ওনার মুখ টাও অমন দেখাইচে'	BN_NEU
508455431933415424	'ঢাকার নদী দখল ও দূষণে ১০৯৩ শিল্পকারখানা চিহ্নিত http:/t.co/IhvWVkc0CV'	BN_NEU
508450825371279362	'চুক্তির আনুষ্ঠানিকতাও সারলেন মামুনুল: বার্তাবাংলা ডেস্ক :: আগেই জানা গিয়েছিল ইন্ডিয়ান সুপার লিগের (আইএসএল) দল ... http:/t.co/xktFLLRrzr'	BN_NEU
508660795421372416	'সুনামগঞ্জ ও হবিগঞ্জে প্রতিবাদ, মানববন্ধন: যুক্তরাজ্যের ভিসা প্রক্রিয়া বাংলাদেশি নাগরিকদের জন্য দিলি্লতে স্থানা...'	BN_NEU
508634691151220736	'- ইসলাম ও মানবতা'	BN_NEU
508658521333043200	'এই লিংক থেকেও বইটি পড়ে কপি করে নিতে পারেন...'	BN_NEU
508635497078743040	'পেশাজীবী থেকে রাজনীতিতে এসে মন্ত্রী হওয়া লোকজনের দল রাজনীতি ও জনগনের আবেগের অনুভূতির ব্যাপার গুলো নিয়ে যত কথা কম...'	BN_NEU
508621567106879488	'listening to Amake Amar Moto Thakte Dao - আমাকে আমার মত থাকতে দাও'	BN_NEU
508637529890115584	'জিয়ানগর উপজেলার মত্স ও প্রাণী সম্পদ সংক্রান্ত স্থায়ী কমিটির সভায় বক্তব্য রাখছি | আমার ডান পাশে ভাইস চেয়ারম্যান...'	BN_NEU
508589159368646656	'@iisalauddin সাথে আপনাকে ও'	BN_NEU
508624799665377280	'@arif_rony2 আমার ও'	BN_NEU
508651001457295361	'@agkanon143 ঐটা বুঝিনা, অবশ্য আমি মোবাইলেও চালাই, একেবারে কমদামি জাভা মোবাইলে'	BN_NEU
508647406276456450	'সুখের যেমন শেষ নেই,তেমনি দুঃখের ও শেষ নেই ..তাই জীবনে যাই ঘটুক,তা সহজে মেনে নিতে হবে ...কারণ কোনটারই তো শেষনেই .!!'	BN_NEU
508618833624838144	'Tomar Jonno… (69)বিদায় নিওনা ভোরের সূর্য…আমার থেকে তুমি…একটুকু উষ্ণতা ছড়িয়ে দাও… এ সবুজ অরণ্যে…ভরিয়ে দাও এ... http://t.co/wK3Oh5Ch3e'	BN_NEU
508705300048654336	'@Im_Hassi :( নাসির-ও গেল :('	BN_NEU
508610960043413504	'সাব্বাস ! একে খন্দকার : হান্নান শাহ: মুক্তিযুদ্ধের উপসেনাপতি ও সাবেক পরিকল্পনামন্ত্রী একে খন্দকারকে তার লেখা ১...  http://t.co/iWA2qIuOZk'	BN_NEU
508395925174517760	'কে কোন সিগেরেট খাওকমেন্টে জানাও১)গোল্ড-লিফ২)বেনসন৩)ব্লাক৪)গুদামঘর৫)মোর৬)সুইচ৭)পালমাল৮)নেভি৯)পাইলট... http:/t.co/yyCf7m1DRs'	BN_NEU
508576921597120512	'গত ৫ বছরের সর্বোচ্চগোলদাতা :-১০। ওয়েইন রুনি - ১২৫গোল০৯। রবিন ভ্যান পার্সি -১২৫ গোল০৮। এন্টোনিওডি নাটালে -... http://t.co/SK8EZVHgHc'	BN_NEU
508638724263907330	'আপনি যাকে ভালোবাসেনসে হয়তো দুনিয়ারসবচেয়ে সুন্দরী নাওহতে পারে, কিন্তুআপনি তাকে ভালোবাসার পরআপনার কাছে...'	BN_NEU
508457391117959168	'অত্যন্ত বিনয়ের সহিত বলছি, আমি মোটেও অনলাইজীবি নই...ছা-পোষা ছোট-খাটো চাকুরিজীবি। ধান্ধা করি পেটের, দেশের।... http:/t.co/CQNG8V3A54'	BN_NEU
508438638641033216	'তিনি।বহু পুরুষকে সামলেছেন।তবে নিজের স্বামীকে দিয়েছেন ১০-এ ১০।যদিও স্বামী ভদ্রলোকটি মানসিকতার দিক থেকে তাঁর... http:/t.co/PHpWNWYHm6'	BN_NEU
508632039122567168	'সমুদ্রের জীবনে যেমন জোয়ার-ভাটা আছে, মানুষেরজীবনেও আছে। মানুষের সঙ্গে এই জায়গাতেই সমুদ্রের মিল।- লিলুয়া...'	BN_NEU
508589021124390912	'সকলেই তাদের আইফোনে *#০৬# ডায়াল করে ১৫ ডিজিটের যে IMEI নাম্বার পাবেন তা অবশ্যই অবশ্যই কোথাও যত্নসহকারে সেভ করে... http://t.co/WHRyUamoiA'	BN_NEU
508615171418243074	'বাংলাদেশের সাম্প্রতিক তথ্যাবলী (Current Info: Bangladesh)নিয়ে ... প্রশ্ন উত্তর ও এমসিকিউ টেস্ট [ মোট প্রশ্ন ৫০...http://t.co/rQ3tjWioek'	BN_NEU
508627116620275712	'শিক্ষা হলো সত্যের আবিষ্কার ও মিথ্যার অপনোদন......'	BN_NEU
508577910073327616	'একাদশ শিক্ষক নিবন্ধন পরীক্ষা আগামী ১২ ও ১৩ ডিসেম্বরবেসরকারি শিক্ষক প্রত্যয়ন কর্তৃপক্ষের (এনটিআরসিএ) অধীনে একাদশ... http://t.co/OTkN8AElgc'	BN_NEU
508637503734022144	'ঢাকায় তিন দিনের সিটিও ফোরাম: ঢাকা: ঢাকার রেডিসন ব্লু ওয়াটারগার্ডেন হোটেলে সোমবার থেকে শুরু হচ্ছে কমনওয়েলথভুক্ত...'	BN_NEU
508445561704710144	'পাকুটিয়া জমিদার বাড়ির উপরে বিদেশী লোকের ছবি।ছবিটি তুলেছেন::::: #জাহিদুল_ইসলাম আপনি চাইলেও এমন একটি ছবি... http:/t.co/CgIXC34Crq'	BN_NEU
508659281940721665	'বিভিন্ন বিশ্ববিদ্যালয় ও কলেজ ভর্তি, সাজেশন, সরকারী ও বেসরকারি এবং বিসিএস পরীক্ষার প্রস্তুতির জন্য নীচের পেজে এখনি...'	BN_NEU
508646331146330112	'কখনো যদি মনে করোএকা হয়ে গেছো তুমিকাছের মানুষটাওদিয়েছে দু:খ তোমায় ।তবে চলে এসো সেইপরিচিত আগের ঠিকানায়।...'	BN_NEU
508694080277450752	'মহিলাদের টিপ এর ব্যবহারকোথায় থেকে ও কিভাবে আসল :-----------------------------হযরত ঈবরাহীম (আঃ) কে যখনআগুনে... http://t.co/6sjB2gwBEI'	BN_NEU
508642539533271040	'@Lovemymessi জি প্লাসে যাও?'	BN_NEU
508428824661336065	'সারাদেশ | Shadindesh http:/t.co/Y69Q58w5Uw'	BN_NEU
508651623044771841	'নতুন আইপিও পদ্ধতির ইনস্ট্রাকশন ফরমে যা আছে'	BN_NEU
508639511845146624	'গত কয়েকদিন আগে আমি, মা, ও বোন টিভি দেখছিলাম।তখন আমার হাতে রিমট ছিল এবং আমি যমুনা টিভিতে অপরাধ বিষয়ের উপর একটা...'	BN_NEU
508615332936708097	'@iBashiir ও...!'	BN_NEU
508449499191078912	'আসন্ন সিলেট জেলা ছাত্রলীগের কমিটিতে সৎ, যোগ্য ও পরিচ্ছন্ন ছাত্রনেতা Prabal Chowdhury Pujon ভাই কে সভাপতি হিসেবে... http:/t.co/c4IW0fhR0M'	BN_NEU
508590293352845312	'পটিয়া সাত গাছিয়া দরবারে বার্ষিক ওরশ ও মিলাদ সর্ম্পন্ন - Abnews http://t.co/h73rEf7ZPf'	BN_NEU
508636930750574592	'You misinterpreted my words.তুমি আমাকে ভুল বুঝেছো।Move aside.এক পাশে সরে দাঁড়াও।You got it?তুমি বুঝতে...'	BN_NEU
508696559006261248	'পরিশেষএই আইন সম্পর্কিত কোন প্রশ্ন থাকলে ম্যাসেজ করুন১ উপান্তটীকা তথ্য ও যোগাযোগপ্রযুক্তি (সংশোধন) আইন, ২০০৯... http://t.co/0pguaICbNJ'	BN_NEU
508398434710458368	'১৯৭১ভিতরে ও বাইরে এ কে খন্দকার http:/t.co/Ou9Il66n1B'	BN_NEU
508629852870569985	'@TwinkleAnika দোস্ত আমিও add হইলাম'	BN_NEU
508647032441958400	'অবশেষে আমরা আমাদের ক্যাম্পাসের উভচর ও সরীসৃপ এর উপর একটি সার্ভে করতে যাচ্ছি। এটি গ্রীন এক্সপ্লোর সোসাইটি কর্তৃক...'	BN_NEU
508614325809188864	'সুয়ারেজ নাকি ‘শান্ত’ ও ‘ভদ্র’.....#খেলাধূলা..................... / http://t.co/NU5cslK4kz'	BN_NEU
508430062476353538	'বিদ্যা বলেন, আমি এখন চুম্বন দৃশ্যে কাজ করতে মোটেও আগ্রহী নই। কারণ, বিয়ের পর আমি এখন সংসারী হয়েছি। এখন স্বামীর... http:/t.co/mo9Uew2IhI'	BN_NEU
508654689399734273	'অতি প্রয়োজনীয় তথ্য, জেনে নিন উপকার আপনারই হবে।১. ছোট এলাচ, খেজুর , ও আঙ্গুর একসঙ্গে পিষে মধু মিশিয়ে খেলে...'	BN_NEU
508446911842758657	'বলনা তুই বলনা কেনএই ছলনা , ও মন তুইবলনা ভালবাসি বলনা...'	BN_NEU
508591225134657536	'@arif_rony2 মাথার মগজে ঢুকাও পেচ গুলো ব্রাদার'	BN_NEU
508622464293670913	'@karimbenezema  হয় ।এখন আমার ও একটা দিতে মন চাইতাচে'	BN_NEU
508568439590752256	'বিয়ে নিয়ে মডেল ও অভিনেত্রীরা লুকোচুরি করলেও বেশ ঢাকঢোল পিটিয়েই বিয়ে করলেন মডেল রুহি-http://t.co/1p1kEkWoDt... http://t.co/rUTCJAW5m6'	BN_NEU
508588743570501632	'মনটাযে কি চই , সে নিযেও জানেনা...'	BN_NEU
508381388031426562	'@Tanvir775 হুম তা ঠিক আছে, মাঝে মাঝে ৪ টায় ও ঘুমাতাম,, তখন বাড়িতে ফ্রি থাকতাম সমস্যা হত না,,, আর এখন প্রাবাসী হইয়া গেছি ভাই'	BN_NEU
508588008782561280	'@shahanaz_rumy আসলে আমাদের প্রতোকের জীবন কোন না কোন জায়গায় এমন ভাবে মিলে যায় তা বলে বুঝানো যাবে না।  জাস্ট একটা বৃও মাঝে আমিরা সবাই'	BN_NEU
508723775647789057	'#Bangladesh #News অভিবাসী - ইউএস ওপেনের ফাইনালিস্ট মারিন চিলিচ এখন ক্রোয়েশিয়ার প্রতিনিধিত্ব করলেও তাঁর জন্ম ও... http://t.co/oxSiuZ5qiS'	BN_NEU
508644429079789568	'আল্লাহপাক যখন চাইবেন তখন ভাগ্য বদলাবেন, তার আগে না। তারপরেও আমরা প্রার্থনা করি নিজেদের মনের শান্তির জন্যে।'	BN_NEU
508631974698053632	'আপনারা কি ভুলে গেছেন? আগামীকাল সোমবার ৮ই সেপ্টেম্বর Freelancer To Entrepreneur প্রশিক্ষণ উপলক্ষে ও Sumon ভাইয়ের...'	BN_NEU
508637295507808256	'@shahanaz_rumy নাই তা ও না কিন্তু।'	BN_NEU
508700236336754688	'@sajid_nazmus আচ্ছা ও সৌরভের নামে কিছু বলেছে নাকি পরে আর?'	BN_NEU
508658529902014464	'বিচারপতিদের রায়ের সাথে অভিশংসনের কোনো সম্পর্ক নেই : আইন, বিচার ও সংসদ বিষয়ক মন্ত্রী'	BN_NEU
508664044694552576	'ফিলোসফি ও গ্যাড়াকল‘ফিলোসফি যে ঝুকিটি তৈরি করেছে সেটি হলো যে কোনো কিছুর বৈধতা দান ’ ----ফয়েরবাখধরেন, আমি অন্য...'	BN_NEU
508622113553788928	'বাইশারী শাহ্ নুরুদ্দীন দাখিল মাদ্রাসাটি দীর্ঘ ২ যুগেও এমপিও ভুক্তি হয়নি'	BN_NEU
508449590811844608	'অনলাইনে প্রেম করছেন?হুট করে অনলাইনে ওর সঙ্গে পরিচয়। কথা হয় রোজই। হয়েছে কিছুটা ঘনিষ্ঠতাও। রাগ-অনুরাগ। তবে সবই... http:/t.co/mhT8YpcGSD'	BN_NEU
508582445105422336	'স্তন ক্যানসার রুখবে স্মার্ট ব্রা !(ভিডিও সহ): তন ক্যানসারের হদিস দিতে সম্প্রতি এক মার্কিন কোম্পানি হাইটেক ব্রা... http://t.co/9LPfaUebIL'	BN_NEU
508622705382289409	'@MDSHARIF288 আপনার মত আমার ও অবস্থা।  দোয়া করবেন'	BN_NEU
508431661307269120	'ছদ্মবেশে বাংলাদেশেও এসেছিলেন ওসামা বিন লাদেন ও আয়মান আল জাওয়াহিরি ! http:/t.co/rQtg4RC2uJ'	BN_NEU
508627204402466816	'সখি যাতনা কাহারে বলে: কবিগুরু রবীন্দ্রনাথের একাকীত্ব ও মানসিক বিষাদের সঙ্গে দীর্ঘ দিনের লড়...'	BN_NEU
508410631037661184	'নায়ক ও আরেক নায়িকার দেখা মিললো - http:/t.co/fMy2TH2MSA @ http:/t.co/T0q6cdtRPC'	BN_NEU
508432457344229376	'একজন মা শিক্ষিত বা অশিক্ষিত হতে পারেন, কিন্তু আপনি যখন জীবনে ব্যর্থ হন, তখন এই গোটা পৃথিবীতে শ্রেষ্ঠ উৎসাহ ও... http:/t.co/4KZM8BxQAi'	BN_NEU
508618572634284032	'সবকিছুর যেরকম একটা নিয়ম রয়েছে, ভালোবাসারও সেরকম কিছু নিয়ম রয়েছে.. আর সেগুলো মেনে চলাও উচিৎ  ^_^ <3'	BN_NEU
508594369125830656	'নাকুগাঁও স্থলবন্দর আমদানি-রপ্তানিকারক সমিতির নতুন কমিটির পরিচিতি সভা http://t.co/3xUBRFp6np'	BN_NEU
508614045109215233	'<<<<<<<Education Special>>>>>প্রতিদিনের সব সংবাদ ও টকশোসহ এক্সক্লুসিভ ভিডিও দেখতে ক্লিক করুন...... http://t.co/7nLs6g0bVh'	BN_NEU
508585742948646912	'মুক্তমনা মানুষ অধিকাংশই নিজেকে মানবতাবাদী বলে দাবি করে । এটা সত্য যে মানবতা হীনে মানুষ পাইনা মানুষের পরিচয় । কেও... http://t.co/D8hHBa8lSz'	BN_NEU
508585574572118016	'মামা হইসি চাচা ও হইসি এখন শুধু বাকি বাপ হওয়া ;)'	BN_NEU
508642356124348417	'চাঁদের নীলাভ রং, ওইখানে লেগে আছে নীরার বিষাদও এমন কিছু নয়, ফুঁ দিলেই চাঁদ উড়ে যাবে'	BN_NEU
508656376550543360	'সিডি নিউজ২৪.কম, ঝিনাইদহ ০৭ সেপ্টেম্বর : ঝিনাইদহ শহর ও শহরতলির বিভিন্ন স্থানে গড়ে ওঠা অধিকাংশ আবাসিক হোটেলে নারী...'	BN_NEU
508648512632786945	'ঢাকা অাসছেন ভারতের স্বাস্থ্য ও পরিবার কল্যাণ মন্ত্রী হর্ষবর্ধন _ BANGLA-NEWS24'	BN_NEU
508615032763322368	'পুরান ঢাকার স্যার সলিমুল্লাহ মেডিক্যাল কলেজ ও মিটফোর্ড হাসপাতালের নার্সদের পর এবার ইন্টার্ন চিকিৎসকরাও তাদের... http://t.co/bI3R2TgGI5'	BN_NEU
508595008740417536	'সাংস্কৃতিক সফরে সিঙ্গাপুর ও মালয়েশিয়ায় গেলেন সাংবাদিক সৌরভ | newsnarayanganj http://t.co/X5VjMYZN0F'	BN_NEU
508391477760630784	'পলায়ন করো না এবং ফিরে এস, যেখানে তোমরা বিলাসিতায় মত্ত ছিলে ও তোমাদের আবাসগৃহে; সম্ভবত; কেউ তোমাদের জিজ্ঞেস করবে।[Quran 21:13]'	BN_NEU
508631689556676608	'সারা দেশঃ বাণিজ্যিকের পাশাপাশি আবাসিকও হচ্ছে তেজগাঁও শিল্পাঞ্চল'	BN_NEU
508435875714564096	' প্রথমবারের মতো ইলিশের প্রজননক্ষেত্র শনাক্ত।প্রথমবারের মতো বাংলাদেশের সমুদ্রসীমা ও উপকূলের বিভিন্ন নদ-নদীতে... http:/t.co/FbikWS0m3X'	BN_NEU
508627592631824384	'আল-কায়েদার কি কোন অফিশিয়াল পেইজ আছে  ??কেউ জানলে প্লিজ আমারে একটু জানাইয়।আর লিংকটা একটু কষ্ট কইরা দিয়া দিও।'	BN_NEU
508648717495570432	'সৌদিতে ইন্টারনেট সিম আলাদা করে কিনতে হয়। নরমাল সিম দিয়েও ইন্টারনেট চালানো যায় তবে অনেক বেশী খরচ হয়। আবার...'	BN_NEU
508587279367954434	'বৃষ্টিভেজা বলিউড সুন্দরী ডিভা রবিনা (ভিডিও) http://t.co/X07xXHYOOV via @shadhinbangla24'	BN_NEU
508632372066390016	'কুককে স্বার্থপর বললেন পিটারসেনসদ্য ভারতের কাছে ৩-১ ব্যবধানে ওয়ানডে সিরিজ হেরেছে ইংল্যান্ড। দলের পারফরমেন্স ও...'	BN_NEU
508622963982077952	'@77Anik ঢাবিতে চান্স পাইয়াও র‍্যাগ খাইব :D'	BN_NEU
508656819183423488	'জাতীয় রাজনীতি ও ছাত্র ইউনিয়ন'	BN_NEU
508595105469857792	'বিশ্বের এক নম্বর সুস্থ ও সুঠাম দেহের অধিকারী অ্যাথলেটের নাম ক্রিস্টিয়ানো রোনালদো। তার বান্ধবী রাশিয়ান সুন্দরী... http://t.co/yR9WyzglzX'	BN_NEU
508577058872508416	'সুপার সাপোর্ট ও ৯৯.৯৯৯\% সার্ভার আপ টাইম নিয়ে গ্রীন হোস্টিং আপনাকে দিচ্ছে হোস্ট গেটর এর মত হাই স্পীড সার্ভারে... http://t.co/zjY1QAcS2B'	BN_NEU
508658799578976256	'আমাকে খুজতে তুমি কোথায় যেতে চাও ?আমি বৃষ্টির মাঠে নগ্ন একা ভিজি... — listening to Tahsan'	BN_NEU
508609757796892672	'আজ শেষ হচ্ছে ‘গঙ্গা-যমুনা নাট্য ও সাংস্কৃতিক উৎসব’ http://t.co/XLa6okbLYr'	BN_NEU
508712927722242048	'মিলাদ ও শিরনি http://t.co/aEC9qA0ZsM'	BN_NEU
508396742002630657	'বিলাস-০১.......সুশান্ত পোদ্দারবিলাসবহুল জীবন সবার কাছেই ঈর্ষণীয়কিন্তু এর রসদ যোগাদাতার শ্রম ও মেধাথেকে যায়... http:/t.co/1xoSBM9YFc'	BN_NEU
508631673039499264	'স্থানীও খবরঃ বগুড়ার জলেশ্বরীতলাতে যানযট নিরসনের দাবীতে সংবাদ সম্মেলন'	BN_NEU
508642002087718913	'উফ! লাইফে এতো কমেডি ক্যারে?? :v আমি ডাক্তার না হওয়ায় তো দেখি এই দেশে ও জাতির বিরাট ক্ষতি হয়ে গেছে! :v'	BN_NEU
508587530929729538	'বৃষ্টিভেজা বলিউড সুন্দরী ক্যাটরিনা (ভিডিও) http://t.co/dsxePMhE6p via @shadhinbangla24'	BN_NEU
508619187766702080	'Tomar Jonno… (69)বিদায় নিওনা ভোরের সূর্য…আমার থেকে তুমি…একটুকু উষ্ণতা ছড়িয়ে দাও… এ সবুজ অরণ্যে…ভরিয়ে দাও এ... http://t.co/kbhH3bnKfv'	BN_NEU
508616430045364226	'শ্বেতার আগেও দেহব্যবসায় জড়িত ছিলেন সাত অভিনেত্রী http://t.co/3P9p6hSdbw'	BN_NEU
508610966313910272	'সাব্বাস ! একে খন্দকার : হান্নান শাহ: মুক্তিযুদ্ধের উপসেনাপতি ও সাবেক পরিকল্পনামন্ত্রী একে খন্দকারকে তার লেখা ১... http://t.co/knVd1G9zuS'	BN_NEU
508664935728312320	'কালো মেয়েগুলি অদ্ভুত জীবন যাপন করে।রেগে গেলে তাদের চিবুকের শিরাও ফর্সা মেয়েদের মতই নীলচে হয়; কিন্তুকালো...'	BN_NEU
508590590070890496	'সাক্ষী এমনই এক গুরুত্বপূর্ণ বিষয় যে, সন্তানকে ধার দেওয়ার সময়ও কাউকে না কাউকে সাক্ষী রাখতে হয়। এর পর পর্যবেক্ষণ... http://t.co/VGHo97oaPF'	BN_NEU
508660099858956288	'সুয়ালক উচ্চ বিদ্যালয়ের নতুন ভবনের ভিত্তি প্রস্তর ও পুরস্কার বিতরণী সভা অনুষ্ঠিত'	BN_NEU
508616678322626561	'ইউরিক এসিড ও ডায়েট http://t.co/VHEvjUxFZP via @sharethis'	BN_NEU
508636108130123776	'অর্থনীতির সানি লিওনি আমরা অনেকদিন আগেই পাইসি আজকে ক্রিকেটের সানি লিওনিও পাইলাম । থ্যাংকস তামিম ইকবাল ।'	BN_NEU
508653429573828608	'মূত্রনালীর সংক্রামন বা UTI এর কারণ ও প্রতিকার'	BN_NEU
508418871691194368	'Hadith....রাসুল (সাঃ) বলেনঃ “তোমাদের উপরে দায়িত্বদিচ্ছি-- তোমরা আমার পক্ষথেকে একটি হাদিসহলেও তা প্রচার ক         (copy from muslim islam)'	BN_NEU
508617505179697152	'সরকার দেশে ফ্যাসিবাদী শাসন কায়েম করেছেঢাকা, ৭ সেপ্টেম্বর : মুজিবনগর উপজেলা ভাইস-চেয়ারম্যান ও জামায়াত নেতা... http://t.co/lGRviLyMzu'	BN_NEU
508421457601638400	'আছসালামু আলাইকুম, কেমন আছেন আপনারা সবাই । আজ আমি আপনাদের জন্যনিয়ে এসেছি YouTube থেকে ভিডিও ডাউনলোড করার সহজ একটি... http:/t.co/ajT9TodpJl'	BN_NEU
508613602690211840	'সোনারগাঁও উপজেলার ইউএনও’র প্রত্যাহার দাবি মুক্তিযোদ্ধাদের | newsnarayanganj http://t.co/lruSK8zQrB'	BN_NEU
508428746794471424	'সুন্নাহের গুরুত্ব ও প্রয়োজনীয়তাhttp:/t.co/Kv996tV8FV'	BN_NEU
508612841738211329	'@Im_Hassi এটাও ঠিক। ওরা অল-আউট না হলে মনে হয় ৫৫০ এর আগে ডিক্লেয়ার-ও দিবে না।'	BN_NEU
508430586864615425	'মুক্তিযুদ্ধকালে বাংলাদেশ বিমান বাহিনীর ডেপুটি চিফ অব স্টাফ অফিসার, সাবেক বিমান বাহিনীর প্রধান ও আওয়ামী লীগ... http:/t.co/mGFCWkIzWm'	BN_NEU
508638235841409024	'মানুষ সামাজিক জীব। সমাজবদ্ধ জীবনযাপন ছাড়া একাকী জীবন যাপন করা মানুষের পক্ষে সহজ নয়, তেমনটি কেউ কামনাও করে না।...'	BN_NEU
508588635990417408	'বৃষ্টিভেজা বলিউড সুন্দরী কাজল (ভিডিও) http://t.co/TzeXOHhlf5 via @shadhinbangla24'	BN_NEU
508633354103562242	'মৃত্যুর আগে এই ভিডিও টি না দেখলে জীবন অসম্পূর্ণ হয়ে থাকবে।'	BN_NEU
508433920644628480	'কিছু না বলেও যেভাবে বলা যায় ভালোবাসি http:/t.co/lMhxdlgrtL'	BN_NEU
508624511290204160	'এ জীবন তোমাকে দিলাম ও বন্ধুতুমি শুধু ভালবাসা দিওবন্ধু ....'	BN_NEU
508447413015957504	'মাদরাসার জাতীয় খাবার হচ্ছে আলু ভর্তা ও ডাল।'	BN_NEU
508666025777192960	'রোনালদো নয় এবার জেমসের সঙ্গে খোলামেলা ইরিনাবিশ্বের এক নম্বর সুস্থ ও সুঠাম দেহের অধিকারী অ্যাথলেটের নাম...'	BN_NEU
508579924924313600	'এমডিজি পূরণে প্রতিশ্রুত সহায়তা পায়নি ঢাকা: কয়েকটি ক্ষেত্রে অগ্রগতি হলেও জাতিসংঘের বেঁধে দে... http://t.co/5Z6v7jSLjx #BreakingBangladesh'	BN_NEU
508615584410767361	'আল-খিলাফাহ ইসলামিক স্টেইট_এর দাওয়াত জানিয়ে পাকিস্থান ও আফগ্বানিস্থানে সম্প্রতি বিতরন করা ফাতাহ পামফ্লেটের ছবি!... http://t.co/xYGIfQaibB'	BN_NEU
508694960577994753	'বিডিটুডে.নেট:এ কে খন্দকারের ‘১৯৭১: ভেতরে বাইরে’ পড়তে ও ডাউন লোড করতে ক্লিক করুন http://t.co/FblpXkMcvX'	BN_NEU
508625755887398912	'#News:   ‘আদিবাসী’ নারীর উন্নয়ন ও তাদের অধিকার বাস্তবায়নে রাষ্ট্র ও সমাজকে এগিয়ে আসার আহ্বান জানিয়ে বক্তারা...'	BN_NEU
508658199579213824	'এবার সংসদেও ঘুমালেন সমাজকল্যাণমন্ত্রী আলী | News Agency 24'	BN_NEU
508654670307655680	'প্রতিদিনের সব সংবাদ ও টকশোসহ এক্সক্লুসিভ ভিডিও দেখতে ক্লিক করুন.......'	BN_NEU
508695869713965056	'@arif_rony2 পানি খাও'	BN_NEU
508579143919734784	'স্তন ক্যানসার রুখবে স্মার্ট ব্রা !(ভিডিও সহ) http://t.co/RdBHx08kfP'	BN_NEU
508659693099577344	'>>>>>>>>><<< ব্রেকিং নিউজ >>><<<<<<<<< রাজধানীতে নামছে আরো ১০০ শীতাতপ নিয়ন্ত্রিত বাস।সড়ক পরিবহন ও...'	BN_NEU
508628790151368704	'ব্রাজিলের কোচ হিসাবে দুংগাম্যাচ : 61 জয় 43ড্র : 12 পরাজয় :6তারপরেও দুংগা ভাল না! দুংগা হেন তেন......... :/'	BN_NEU
508568074597842944	'এক হচ্ছে বিএসএনএল ও এমটিএনএল  http://t.co/gfNl9OqvH6 http://t.co/dkpG7gAaTx'	BN_NEU
508628138117459968	'সংখ্যালঘু  ও মাদ্রাসা শিক্ষা দফতরে নিয়োগ'	BN_NEU
508429655163289600	'বলিউডের মত স্থানেও রীতিমত অশ্লীল আখ্যা পেয়েছে এসব।কী আছে সেই গানে যে বলিউডেও অশ্লীল হিসাবে সমালোচনা হচ্ছে? কেন... http:/t.co/NgWKSl0S9j'	BN_NEU
508629226690711552	'হংকংকে হারিয়ে দ্বিতীয় পর্ব নিশ্চিত করলো বাংলাদেশহকি ওয়ার্ল্ড লিগের রাউন্ড-১ এ নিজেদের দ্বিতীয় ও শেষ ম্যাচে...'	BN_NEU
508663949798428673	'মানুষের জীবনটা সত্যিই বড় অদ্ভুত। কখন যে কি হয় কেউ জানতেও পারেনা। আজকের ধনী কাল রাস্তার ভিক্ষুক হয়ে যায়। আজ যে...'	BN_NEU
508589180306210816	'@shahanaz_rumy কাহিনী এক নয় তবে একটা সাথে আরেক টার প্রতিছব্বি ও থাকে।  এবং সম্পক যুক্ত ও।'	BN_NEU
508450707947528192	'চুক্তির আনুষ্ঠানিকতাও সারলেন মামুনুল http:/t.co/lGehDrdAFm http:/t.co/1QxmKiAaxA'	BN_NEU
508582334971793408	'প্রতিবাদ বিক্ষোভ থাকলেও পাবলিক পরীক্ষা বিরতিহীন নেয়ার বিষয়টি পর্যালোচনা......... http://t.co/ZOQ68j820P'	BN_NEU
508626043901448192	'I posted 35 photos on Facebook in the album মাস্তুল সাইক্লিস্ট ও ডব্লিউবিবি ট্রাষ্ট এর প্রীতি রাইড'	BN_NEU
508569107252641792	'** মামু-ভাগ্নি সেলফি **- বার্স্ট শট খালি ডিএসএলআর-এ না, সেলফিতেও নেওয়া যায়। দেড় মিনিটে ৭৩ খানা ছবি তুইলা (আমি... http://t.co/Lv5CqaNFWX'	BN_NEU
508650566529323008	'বেকার জীবনে কাজের শেষ নাই তবে সবাই বলে তর কিসের কাজ তুই ত বেকার । একজন বলবে আমার এইটা করে দাও আরেকজন বলবে ঐটা করে...'	BN_NEU
508570970987057152	'#newbd ডিএসই ও সিএসইতে লেনদেনের পরিমাণ কমে গেছে http://t.co/SGJPA7vI9u'	BN_NEU
508609252416827392	'লিখেছেনঃ কবি ও কাব্য নিচে ৯০ দশকের দুটি ছবির দুটি গানের লিঙ্ক দিলাম । একটি হিন্দি সানী দেওল ,সাইফ আলি খান ও... http://t.co/MEBFhCgcW6GeoLocation{latitude=22.6412451, longitude=92.1943473}'	BN_NEU
508648359326789632	'ইসলামী ব্যাংক হাসপাতাল ও প্রাইম ব্যাংক লিমিটেডসহ বিভিন্ন প্রতিষ্ঠানে চাকরির খবর দেখুন ......................'	BN_NEU
508635080307507201	'বেশিরভাগ বাবা-মা হরহামেশা বাচ্চাদের সঙ্গে মিথ্যা বলেন!ঢাকা : যুক্তরাষ্ট্র ও চীনে এক পারিবারিক জরিপে দেখা গেছে,...'	BN_NEU
508646415573463040	'ফরিদপুর মাসব্যাপী শিল্প ও বাণিজ্য মেলা - ২০১৪'	BN_NEU
508449584486817792	'নবীজীর রওজাপাক জিয়ারত এবং তাজিম করা যদি শিরকের সমতুল্য হয়, তাহলে মসজিদে গিয়ে সেজদা করাও শিরক হয়ে যায় কারণ... http:/t.co/u0noFetmu4'	BN_NEU
508651770592387072	'মেয়ে - hiআমি - hlwমেয়ে - kishe poren?আমি - ৯ম শ্রেণী তে। আপনি?মেয়ে -Buet e mechanical engineeringআমি - ও...'	BN_NEU
508567850303643649	'বিডিটুডে.নেট:এ কে খন্দকারের ‘১৯৭১: ভেতরে বাইরে’ পড়তে ও ডাউন লোড করতে ক্লিক করুন http://t.co/A9hOjV5Lcx'	BN_NEU
508699283449593856	'সারাদেশ | Shadindesh http://t.co/lS7f3p64iI'	BN_NEU
508632802892709888	'সেই সময়টা খুব কঠিন,যে সময়ে চোখেরপানি ফেলতে হয়। কিন্তু ওইসময়টা তার চেয়েও অনেকবেশি কঠিন,যে সময় চোখেরপানি লুকিয়ে হাসতে হয় ।'	BN_NEU
508450806534647810	'ভালবাসা এমন একটা বন্ধন ... যা কখন-ও ছিন্ন হয় না.....দুই জন যদি ঠিক থাকে .. তাহলে এ বন্ধন কখন-ও ছিন্ন হবার নয়,,,,'	BN_NEU
508566798187659264	'ভুমিকম্প সহনশীল নগর গড়ার পুর্ব শর্ত হচ্ছে ‘দক্ষ রাজমিস্ত্রি ও রড বাইন্ডার’... http://t.co/QPm4EiVnVT'	BN_NEU
508622695324348416	'অ্যানালগ খালেদাকে মোকাবেলা করছেন ডিজিটাল প্রধানমন্ত্রী: ঢাকা: তথ্যমন্ত্রী হাসানুল হক ইনু বলেছেন, অ্যানালগ ও জঙ...'	BN_NEU
508698814643851264	'আমি প্রধানত গে ভিডিও, জাপান গে-ইমেজ চালু করছি.　http://t.co/MIedujuc1g'	BN_NEU
508439391476260864	'I added a video to a @YouTube playlist http:/t.co/Y0LLoS74nL'	BN_NEU
508707217889980417	'@Im_Hassi @sajid_nazmus এখন-ও ২০টা বল-ও খেলে নাই।আগেই কিছু বলো না... আর কিছুক্ষন দেখি...'	BN_NEU
508659027426164737	'এবার সংসদেও ঘুমালেন মন্ত্রী'	BN_NEU
508616680827002880	'স্থানীও খবরঃ বগুড়া সমিতি ও উত্তরবঙ্গ জনকল্যাণ সমিতির ত্রাণ বিতরণ/ http://t.co/gVCc82STF9'	BN_NEU
508574924118962176	'-:: পোস্টটা বড় কিন্তু জানতে পারবেন তারচাইতে বড় কিছু ::-বৈদিক বিজ্ঞানে সূর্যের দূরত্ব ও মনুর নৌকা :... http://t.co/LsPLZAY3sN'	BN_NEU
508588013526335488	'বৃষ্টিভেজা বলিউড সুন্দরী রানি মুখার্জি (ভিডিও) http://t.co/cbbFVDyyz8 via @shadhinbangla24'	BN_NEU
508617864505729024	'আপনি যাকে ভালোবাসেনসে হয়তো দুনিয়ার সবচেয়ে সুন্দরী নাওহতে পারে, কিন্তু আপনি তাকে ভালোবাসার পরআপনার কাছে... http://t.co/1yRD2L9icc'	BN_NEU
508582444472074240	'স্মার্ট ব্রা !(ভিডিও): তন ক্যানসারের হদিস দিতে সম্প্রতি এক মার্কিন কোম্পানি হাইটেক ব্রা তৈরি করেছে৷কোম্পানির দ... http://t.co/Za8lEK3wJw'	BN_NEU
508627114124668928	'যতখানি দূরে গেলে আর খুজে পাবে না শতরূপা,  যতখানি দূরে আর আমার গন্ধ পাবে না তুমি,  ততখানির চেয়েও দু কদম দূরে দাড়িয়ে আছি।- অনির্বাণ'	BN_NEU
508609064570720256	'কাটার বায়েস ও কেগ থোমাছ দ্বারা নির্মিত, যেমনে তোর মায়ের লগে মোর দেখা  #বায়োস্কোপ - http://t.co/zDsjlXQEig http://t.co/VbiCQRnOKb'	BN_NEU
508662298051768320	'একটু পর রাত ১১ টা ২০ এ শুরু হচ্ছে যাহা বলিব সত্য বলিব এবিসি রেডিও এফ এম ৮৯.২ এ।'	BN_NEU
508386947380019200	'ঈমানদার ও মুনাফিকের নিকট পাপাচার:আবুল আহওয়াস (রহ.) হতে বর্ণিত। তিনি বলেন, আবদুল্লাহ ইবনে মাসঊদ রা. বলেন,... http:/t.co/ZeP148f1XQ'	BN_NEU
508637458045485057	'@shahanaz_rumy জীবন কিন্তু নাটক চেয়ে ও কম নয়'	BN_NEU
508581986324471808	'মেলা ! মেলা ! মেলা !বিশাল এডমি মেলা.১টা লাইক আর ইচ্ছা মত কমেন্ট করে পেয়ে যাও ১২৩১টা frind requst.....তাই দেরি... http://t.co/o2BX8bc1O1'	BN_NEU
508655047542968320	'RT @mahbubmamun1: তোমার পরিবার পরিজনকে নামায পড়ার নির্দেশ দাও এবং তুমি নিজেও তা দৃঢ়তার সাথে পালন করতে থাক।(সূরা ত্বা-হা: ১৩২)'	BN_NEU
508439062232203264	'কিছু মানুষ পান থেকে চুন খসলেই মিথ্যা কথা বলেন। আবার আরো কিছু মানুষ নিজের স্বার্থ ত্যাগ করে হলেও সত্যটাই বলেন।... http:/t.co/8NYjPyuUNs'	BN_NEU
508403408999837696	'হঠাৎ করি একটা গান গাতি মনে কচ্ছে গোলাপির কথা মনে পইরে গেলহঠাৎ করি শরীফউদ্দীন ভাইয়ের কথাও মনে পইরে গেলএর জন্য... http:/t.co/qQmShrCLf1'	BN_NEU
508627484519432192	'অভিনেত্রী ও মডেল এলিজাবেথ হার্লিকে ইচ্ছা করলেই যেকেউ চুমু দিতে পারবেন'	BN_NEU
508623236780007424	'কুরআন ও সুন্নাহর আলোকে দানশীলতা ও কৃপণতা.'	BN_NEU
508450827069972480	'চুক্তির আনুষ্ঠানিকতাও সারলেন মামুনুল: বার্তাবাংলা ডেস্ক :: আগেই জানা গিয়েছিল ইন্ডিয়ান সুপার লিগের (আইএসএল) দল ... http:/t.co/Z4uPyQ1Jnc'	BN_NEU
508696885956444160	'মন্ত্রী অবস্থায়ও এ কে খন্দকার প্রায় একই কথা বলেছিলেনhttp://t.co/EXulJ3f2IP http://t.co/GbY3ppbdU8'	BN_NEU
508645878434131968	'পৃথিবীর best relation কোনটি?..লাইলি-মজনু??..NOশিরিন-ফরহাদ?? ..NO..রোমিও-জুলিয়ট??..NO ..দুনিয়ার best...'	BN_NEU
508664697785417728	'যদি তুমি কাউকে পাওয়ার জন্যআল্লাহরকাছে দোয়া করে না পাও,তবে মনে করবে অন্যকেউতোমাকে পাওয়ার জন্যদোয়া করছে...'	BN_NEU
508710300519243776	'রাসূলুল্লাহ (সাঃ) এর বাণীঃ ইসলামের ভিত্তি পাঁচটিঃ মৌখিক স্বীকৃতি (ইয়াকীনসহ) এবং কর্মই ঈমান এবং তা বাড়ে ও কমে।... http://t.co/P5nJV7NeQN'	BN_NEU
508653296882827264	'যে কথা লিখে একে #খন্দকার বিতর্কিত হচ্ছেন একই কথা নাকি #অর্থমন্ত্রী আবুল মাল আবদুল #মুহিত তার একটি বইয়েও...'	BN_NEU
508662024872542208	'@shahanaz_rumy কিছু কিছু ক্ষেত্রে নাটক কে ও হার মানায়'	BN_NEU
508578809717989376	'সবরের গুরুত্ব ও প্রয়োজনীয়তা http://t.co/k7xW1JqVLz'	BN_NEU
508572192628420608	'হিমু কি আজ ও হলুদ পাঞ্জাবি পরে এলোমেলোভাবে রাস্তায় ঘুরে বেড়াই আর আজ ও কি নীল রূপা হিমুর অপেক্ষায় প্রহর গুনে.....?'	BN_NEU
508656677705748481	'আয়িশাহ [রাঃ]হতে বর্ণিত। তিনি বলেন রসুলুল্লাহ [সাঃ]অসুস্থ হয়ে পড়তেন তখন তিনি আশ্রয় প্রার্থনার দু’সূরাহ(ফালাক ও...'	BN_NEU
508655557322887168	'আশাশুনির বলাবাড়িয়ায় ওয়ার্ল্ড ফিসের পুষ্টি বিষয়ক আলোচনা ও বই বিতরণ - Abnews'	BN_NEU
508651508922322945	'Photo: ঈদগাঁওতে সিংহভাগ বিদ্যুৎ গিলে খাচ্ছে টমটম-অটো রিক্সা সেলিম উদ্দিন, ঈদগাও:: কক্সবাজার সদর উপজেলার...'	BN_NEU
508582794239299584	'আলেকজান্ডারের শেষ ইচ্ছা ও চমৎকার ব্যাখ্যা -Mailbd24 http://t.co/3AtJHFECWP'	BN_NEU
508428706612662272	'ওয়েব ডিজাইন মাস্টার [পর্ব-০২] :: ওয়েব ডিজাইন এবং HTML ( ভিডিও টিউন-২) || ভিডিও দেখুন আর নিজেকে তৈরি করুন, আপনিও... http:/t.co/hGADQk83bE'	BN_NEU
508704074070777856	'@maimuna_ctg ও তখন সৌচাগারে গিয়েছিলো :p @sajid_nazmus'	BN_NEU
508579222890512384	'বৃষ্টি এলে মাখব কাদা মাঠে,চুল ভেজাব ইচ্ছে করে রোজনোংরা জলে হাত ডোবাব কব্জি থেকে কনুইপেতেও পারি নতুন কিছু খোঁজ। http://t.co/p8sxOHC7Yv'	BN_NEU
508453044674363392	'যদি তুমি কাউকে পাওয়ার জন্যআল্লাহর কাছে দোয়া করেওতাকে না পাও......তাহলে মনে করবে অন্য কেউতোমাকে পাওয়ার জন্য... http:/t.co/9qfDLr27jq'	BN_NEU
508451349206671360	'#Bangladesh #News বৃষ্টি বাধা হলো না ওয়েস্ট ইন্ডিজের - পরশু রাত থেকে প্রচণ্ড বৃষ্টি। ঝিরিঝিরি বৃষ্টি হলো কাল সকালেও। সেন্ট ভিনসেন্ট...'	BN_NEU
508402918006202370	'আমগ আইনমন্ত্রী ও খাদ্যমন্ত্রী দুজনাই আইনজ্ঞ !!তুতু রে জিগাইলাম~কে বেশি বিজ্ঞ?কৈলো~তেল আর পানি একাকার হৈয়া... http:/t.co/PUmZEHTHyM'	BN_NEU
508647194032091136	'বাংলাদেশ ক্রিকেট বোর্ডের অতীত ও বর্তমান লোগো,খুলনা বিশ্ববিদ্যালয়ের লোগো সহ অসংখ্য প্রতিষ্ঠানের লোগোর ডিজাইনার...'	BN_NEU
508628368557080576	'আইএস জঙ্গীর স্ত্রী ও শহীদ হতে চাওয়া এক তরুনীর কথা -Deshebideshe'	BN_NEU
508643294071775233	'মহাপ্রস্থানের পথে পাণ্ডবদের সহায় ছিল সে।HMV-র লোগোতেও তার বিশ্বস্ত উপস্থিতি। :)মনিবের শখ মেটাতে তাকেই দিতে হল...'	BN_NEU
508661605769682944	'তারেক রহমানের বাবা সরাসরি রাজনীতিতে সম্পৃক্ত ছিলেন না তার বাবার আগে দুইজন রাষ্ট্রপতি থাকলেও তার বাবাই...'	BN_NEU
508416985625939968	'Hadith of the day:আল কোরআন ও হাদীসের কথা●● প্রত্যেক প্রাণীকেই মৃত্যুর স্বাদ গ্রহণকরতে হবে।[সূরা আল ইমরান, আয়াত'	BN_NEU
508648031369957376	'যদি কোনও দিন তুমি দুহাত দিয়ে ঝিনুক কুড়াও নেই আমিসেই অল্প ভাঙা গল্প গুলোয় কার সাথে  বলো শব্দ ছুঁড়ে ফিরবো...'	BN_NEU
508613622516314112	'সোনারগাঁও উপজেলার ইউএনও’র প্রত্যাহার দাবি মুক্তিযোদ্ধাদের | newsnarayanganj http://t.co/uDu1Tp9xrW'	BN_NEU
508634225705115648	'প্রশ্ন ;- বাংলাদেশের কোন জেলায় শিশু শ্রমিকের সংখ্যা বেশী ?উত্তর ;- নাটোর(সর্বনিম্ন পাবনা ও জয়পুরহাট)প্রশ্ন ;-...'	BN_NEU
508609803623874560	'আজ শেষ হচ্ছে ‘গঙ্গা-যমুনা নাট্য ও সাংস্কৃতিক উৎসব’ http://t.co/XLa6okbLYr http://t.co/tz6CzHTDqa'	BN_NEU
508578039504961536	'হাই পারফরম্যান্স symphony Xplorer ZIV মোবাইলের দাম ফিচার ও রিভিউ দেখুন http://t.co/UkfwbEGWmo'	BN_NEU
508592840927367168	'১৭ আগস্ট বাংলামেইল সংস্কৃতি ও বিনোদন বিভাগে ‘মা হচ্ছেন বর্ষা’ শিরোনামে একটি সংবাদ প্রকাশ করা হয়...... http://t.co/m4heiFsa2r'	BN_NEU
﻿508667343808258048	'আমরা 90 degree rocker thek।পেজটার মাধ্যমে বাংলা রক সিনারিও তুলে ধরার চেষ্টা করেছি শুরু থেকেই।সাথে বাইরের...'	BN_NEU
508428992345804800	'@maimuna_ctg বোলাররা অনেক চেষ্টা করছে ওদের কে কিছু বলার নাই পিচ তাই ব্যাটিং সুলভ আমাদের ও সুযোগ কাজে লাগাতে হবে @bcbtigers'	BN_NEU
508583857579638785	'বিরতিহীন ও কম সময়ের মধ্যে নেয়ার বিষয়টি পর্যালোচনা করছে সরকার http://t.co/bkxzVSLWNQ'	BN_NEU
508648060118130688	'‘‘হে আমার পালনকর্তা! আপনি আমাকে, আমার পিতা-মাতাকে, যারা মুমিন হয়ে আমার গৃহে প্রবেশ করে-তাদেরকে এবং মুমিন পুরুষ ও...'	BN_NEU
508662189624807425	'মালেয়শিয়ায় বি এন পির ৩৬ তম প্রতিষ্ঠা বার্ষিকী ও তারেক রহমানের ৭ম কারা মুক্তি দিবস উদযাপিত'	BN_NEU
508584569680191488	'‘বিরতিহীন ও কম সময়ে চার পাবলিক পরীক্ষা নেয়ার বিষয়ে আলোচনা হচ্ছে’ http://t.co/RI2PoIGv2S'	BN_NEU
508637066846957568	'একজন মুসলমানের বুনিয়াদী আকিদা -বিশ্বাস ঃ## আল্লাহ পাকই মানব জাতির একমাত্র রব,বিধানদাতা ও হুকুমকর্তা।## কুরআন ও...'	BN_NEU
508580675700523008	'সিডি নিউজ২৪.কম, ঢাকা ০৭ সেপ্টেম্বর : সড়ক পরিবহন ও সেতুমন্ত্রী ওবায়দুল কাদের বলেছেন, “সরকারের অংশ হয়ে কেউ সরকরের... http://t.co/V16TYHWyh7'	BN_NEU
508648992083689472	'নেইমার,রবিনহো ও ডেভিড লুইজ।'	BN_NEU
508622125578870784	'ডা. জুবাইদা রহমানের চাকুরিচ্যুতি ও সংসদে অসৌজন্যমূলক বক্তব্যের প্রতিবাদে ১০০১ বিশ্ববিদ্যালয় শিক্ষকের বিবৃতি...'	BN_NEU
508456169816350720	'শিশু ও মূর্খরা সব কিছু চায়। কেননা গুনাগুন বিচারের বুদ্ধি তাদের নেই।----- সাভাইস'	BN_NEU
508712914870882304	'মিলাদ ও শিরনি http://t.co/ZGFw09qYw3'	BN_NEU
508409116109586433	'#Bangladesh #News সওজের জমিতে সাভার পৌরসভার হাটবাজার - ঢাকার সাভার পৌর এলাকায় হাটবাজার ও যানবাহনের স্ট্যান্ডের... http:/t.co/vrloQz36p6'	BN_NEU
508420909158236160	'Online এ YouTube থেকে ভিডিও ডাউনলোড করুন সব থেকে সহজ উপায় এ। http:/t.co/xFAYRme5bF'	BN_NEU
508381001454604290	'উইকেট পড়লো না একটিও!:  http:/t.co/DpSDBSGRWc'	BN_NEU
508694219699920897	'দাঁতের ক্ষতির ৭টি কারণ ও প্রতিকার। http://t.co/FHBR4HWvsJ'	BN_NEU
508718743543746562	'মিলাদ ও শিরনি http://t.co/ayS70Ipo21'	BN_NEU
508646781891014657	'আবারো লক্ষ্মীপুর কারাগারে তাহেরপুত্র: লক্ষ্মীপুর: লক্ষ্মীপুর পৌর মেয়র ও জেলা আওয়ামী লীগের সাবেক সাধারণ সম্পাদক...'	BN_NEU
508393260981551104	'তারা রাত্রিদিন তাঁর পবিত্রতা ও মহিমা বর্ণনা করে এবং ক্লান্ত হয় না।يسبحون الليل والنهار لا يفترون[Quran 21:20]'	BN_NEU
508711811550834688	'সাংস্কৃতিক সফরে সিঙ্গাপুর ও মালয়েশিয়ায় গেলেন সাংবাদিক সৌরভ | newsnarayanganj http://t.co/FBPoNz4eYg'	BN_NEU
508615903152312320	'@karimbenezema ও আচ্ছা করিম আলি ভাই কেনো'	BN_NEU
508647783549505536	'ওদের সাথে মেলাও - EI-Samay'	BN_NEU
508377994612981760	'RT @MDSHARIF288: সোনা রূপা লংকের ঘরে রেখে ছিলামছিলাম তারে যাও পাখি বলো তারে সে যেনো ভুলে না মোরেসুখে থেকো ভালো থেকো মনে রেখো এই আমারে'	BN_NEU
508660984828141568	'** নূপুর ও শিকল **নিকুঞ্জ ভিলা।দোতালা বাড়ি। ছিমছাম করে সাজানো বাড়িটা। রফিক সাহেব তার জীবনের সঞ্চিত সমস্ত কিছু...'	BN_NEU
508589559743918080	'পটিয়া সাত গাছিয়া দরবারে বার্ষিক ওরশ ও মিলাদ সর্ম্পন্ন - Abnews http://t.co/LfHleUgFGn'	BN_NEU
508378619626782720	'বলিউডে বুকে কাঁপন ধরানো পাক সুন্দরীরা: মুম্বাই: সীমান্তে পাক সেনাদের প্রবেশ নিষেধ হলেও বলিউডে অবাধ সে দেশের লা... http:/t.co/1GlKBr5ZT1'	BN_NEU
508656823239315456	'শোভনালীতে মা ও পরিচর্যাকারীদের ওরিয়েন্টেশন অনুষ্ঠিত - Abnews'	BN_NEU
508574537567313920	'থাইল্যান্ড মিশনে শাকিব-অপু: কথা ছিল গত বৃহস্পতিবার থাইল্যান্ড যাবেন ঢাকাই ছবির জনপ্রিয় জুটি শাকিব খান ও অপু বিশ্বাস… http://t.co/PGf8uYH2VJ'	BN_NEU
508587112292040705	'@shahanaz_rumy আমার জীবন বলতে , আমি আশেপাশের যা ঘটে তা ও জীবনের অংশ মনে করি।  যদিও বা আমার সাথে না ঘটে।'	BN_NEU
508663441771728896	'সপ্তম অধ্যায়আইনের বিধান লঙ্ঘন, প্রতিবিধান ওজরিমানা আরোপ, ইত্যাদিনির্দেশ প্রদানে নিয়ন্ত্রকেরক্ষমতা৪৫৷ এই আইন...'	BN_NEU
508664921484460032	'http://t.co/2KVg9417KJসড়ক পরিবহন ও সেতুমন্ত্রী ওবায়দুল কাদের বলেছেন,“সরকারের অংশ হয়ে কেউ সরকরের বিরুদ্ধে...'	BN_NEU
508616708752695296	'স্থানীও খবরঃ দুপচাঁচিয়ায় বিএনপি’র বিক্ষোভ মিছিল ও প্রতিবাদ সভা অনুষ্ঠিত http://t.co/zGH5QzxkeW'	BN_NEU
508646179736145920	'আজ রাত্রে বালিশ ফেলে দাও, মাথা রাখো পরস্পরের বাহুতে,শোনো দূরে সমুদ্রের স্বর, আর ঝাউবনে স্বপ্নের মতো নিস্বন,...'	BN_NEU
508656003072548864	'পুরুষজাতি নারীদের ছলনা/সৌন্দর্য নিয়ে হাজার হাজার কবিতার লাইন লিখলেও নারীরা কিন্তু পুরুষদের নিয়ে কোন কবিতা লিখে...'	BN_NEU
508582309764018177	'মূত্রনালীর সংক্রামন বা UTI এর কারণ ও প্রতিকার http://t.co/YMqdsEuYCi'	BN_NEU
508627257129439232	'তুমি যাহাকে চোউমিন ভাবো তাহাকে আমি নুডুলস বলি... মধ্যে মধ্যে তিরস্কার করিয়া লুডুস ও বলি...'	BN_NEU
508648132771852288	'ফোনটা নির্বাক হয়ে পড়ে থাকে সারাদিন ।যখন তখন কল আসে না, মিসকলও আসে না আর । ঐ রিংটোন বেঁজে উঠে না আমিও হঠাৎ করেই...'	BN_NEU
508714596912623616	'মনে হয় আজকে বাংলাদেশ২০০ রান ও করতে পারবে নাহ।'	BN_NEU
508660560125112320	'একজন নারীর ‘সতীত্ব’ ‘মনি-মুক্তা’র চাইতেও মূল্যবান।'	BN_NEU
508656133989363712	'লভ্যাংশ ও রাইট শেয়ারের ঘোষণা দেশবন্ধুর -'	BN_NEU
508464040973434880	'এ কে খন্দকারের বই টি ঘরে বাইরে যদি কেও পড়তে চান তারা ডাউন লোড করে নিতে পারেন। এ কে খন্দকারের ‘১৯৭১: ভেতরে বাইরে... http:/t.co/5F05NyraWn'	BN_NEU
508589654963015680	'পটিয়া সাত গাছিয়া দরবারে বার্ষিক ওরশ ও মিলাদ সর্ম্পন্ন - Abnews: http://t.co/DCO6hFd6X4'	BN_NEU
508616957013135360	'বোর্ডের স্বেচ্ছাচারিতায় গচ্চা অর্ধ কোটি টাকাঢাকা: ঢাকা বোর্ডের কর্মকর্তা ও কর্মচারীদের অতিরিক্ত কাজের... http://t.co/Q7j8xkf4G3'	BN_NEU
508619481073991680	'আমাদের দেশে যে শুধুমাত্র অবৈধ এটা-সেটা (...............) আছে তা নয়, বেশ কিছু অবৈধ বিশ্ববিদ্যালয়ও আছে। আর.../ http://t.co/QPcoa4pFxs'	BN_NEU
508632910929219585	'@karimbenezema আমিও কিন্তু আমি গেম বাজাইয়া লাইছি  @HafizDiluyar'	BN_NEU
508654949274615808	'#Masood_Sayedee - মাসুদ সাঈদী -আল্লামা সাঈদী তার বুলন্দ কন্ঠ এবং জ্ঞানগর্ভ তাফসীরের মাধ্যমে ইসলাম ও মানবতার...'	BN_NEU
508698889679941632	'আন্দ্রে শূর্লে অনেক চেষ্টা করছে শুধু একটি গোল দেয়া কিংবা দেয়ানোর জন্য।  তুমি এগিয়ে যাও।  তুমি সফল হবেই হবে।'	BN_POS
508697192333594624	'আকাশে মায়াবী চাঁদ, উদাস মনে গাইছি..ও কারিগর দয়ার সাগর ওহে দয়াময়, চাঁদনী পসার রাইতে যেন আমার মরণ হয়'	BN_POS
508696870517223425	' চুমুতে চিনি নেই, মধুও মেশানো থাকে না, তবুও চুমোর মতো মধুর স্বাদ জগতে আর কিছুতে নেই ___শীর্ষেন্দু মুখোপাধ্যায়'	BN_POS
508615007479681024	'বিবিসি বাংলাদেশ সংলাপেও এ কে খন্দকারের বই নিয়ে বিতর্ক | Last News BD .com http://t.co/lObZesEL4p'	BN_POS
508665857254653953	'হঠাৎ করি একটা গান গাতি মনে কচ্ছে গোলাপির কথা মনে পইরে গেলহঠাৎ করি শরীফউদ্দীন ভাইয়ের কথাও মনে পইরে গেলএর জন্য...'	BN_POS
508703120277266433	'আহাম্মকের কথার প্রতিবাদ করোনা,তাহলে তুমিও আহাম্মক হয়ে যাবে। হযরত আলী (রাঃ)'	BN_POS
508388522353377280	'Naya Diganta :: ঢাকা-টোকিও সম্পর্ক আগামীতে আরো জোরদার হবে : প্রধানমন্ত্রী http:/t.co/1FkvtNRol9'	BN_POS
508428760652447744	'একটি উন্নয়নশবাংলাদেশের আর্থ-সামাজিক ও অবকাঠামোগত উন্নয়ন ধরে রাখতে গণতান্ত্রিক ব্যবস্থা ও আইনের শাসন অপরিহার্য।... http:/t.co/b3zxTR5ZpM'	BN_POS
508628341268549632	'ওয়েল প্লেড তাইজুল :)  তাইজুলের অর্জন ও তার প্রতি সম্মান রেখেই বলতেছি একজন ৫ উইকেট পেলেই আমাদের বেশী লাফানো উচিত...'	BN_POS
508638797383229440	'নিরক্ষরমুক্ত বাংলাদেশ গড়তে সরবারের গৃহীত সকল কর্মসূচিকে সামাজিক আন্দোলনে পরিণত করার ওপর গুরুত্ব আরোপ করেছেন। আধুনিক, বিজ্ঞানমনস্ক ও প...'	BN_POS
508443433216651264	'¤ সকালটা শুরু হোক আল্লাহ ও রাসূলের - সাঃ বাণী দিয়ে ¤তোমরা নেক ও আল্লাহ ভীতিমূলক কাজে একে অপরকে সহযোগীতা কর।... http:/t.co/Co8G449IzS'	BN_POS
508444493323182081	'শুভ জন্মদিন লালরিনডিকা  রালতে  ভালো করে খেল রেড & গোল্ড লাভার ও সমস্ত লাল হলুদ সমর্থক পক্ষ থাকে অনেক... http:/t.co/Qv6dQB9eSm'	BN_POS
508712550838464512	'দ্বিতীয় ছবিতেও দর্শকদের হতাশ করবেননা পুনম! http://t.co/8OVgnvH4f3 via @sharethis'	BN_POS
508691159712296960	'এমন কাউকে খুজে নেও এবং তাকেইবেছে নেও যে কিনা..তোমাকে পেয়ে গর্ব বোধ করে..তোমাকে হারানোর ভয়ে ভীত থাকে..তোমার... http://t.co/K9wXx3kVl9'	BN_POS
508421026338717696	'সুপার সাপোর্ট ও ৯৯.৯৯৯\% সার্ভার আপ টাইম নিয়ে গ্রীন হোস্টিং আপনাকে দিচ্ছে হোস্ট গেটর এর মত হাই স্পীড সার্ভারে... http:/t.co/sCxsuVJ6vS'	BN_POS
508617305971245057	'যে ৪টি বিষয়ে প্রাণ গেলেও Ego  নামের বস্তুটির অস্তিত্ব রাখবেন না-- ★ জ্ঞান ★ প্রেম ★ বন্ধুত্ব ★ বিপ্লব।'	BN_POS
508627367800360960	'ভালো একজন বন্ধু যতই ভুল করুকতাকে কখনও ভুলে যেও না।কারণ পানি যতই ময়লা হউক,আগুন নিভাতে সেই পানিইসবচেয়ে বেশি কাজে লাগে।.....'	BN_POS
508619692366237696	'“যে মানব সন্তান ক্ষুদ্র কামনা জয় করতে পারে সে বৃহৎ কামনাও জয় করতে পারে।” ― Humayun Ahmed, দরজার ওপাশে'	BN_POS
508574164329172992	'ভালো আছি ভালো থেকো,আকাশের ঠিকানায় চিঠি লিখো,দিও তোমার মালাখানি বাউলের এই মনটারে,আমার ভিতরে-বাহিরে, অন্তরে... http://t.co/9Ga4bZCjNq'	BN_POS
508707951830257664	'সাহাবা ও ইমামগণকে গালি দেয়া নিষিদ্ধ http://t.co/QKIpWQVEsL#shiatruth#بنغالي #বাংলা #islam#لغات_وترجمه#ريتويت'	BN_POS
508446985381490688	'চিকিৎসাসেবাও দেবে গুগলনানা ধরনের সেবা চালুর পর এবার চিকিৎসাসেবায় নামতে যাচ্ছে বিশ্বখ্যাত সার্চ ইঞ্জিন গুগল। এর... http:/t.co/XmNtx7waAb'	BN_POS
508590296628596737	'। যদি তুমি মানুষকে বিচার করতে যাওতাহলে ভালবাসার সময় পাবে না।- মাদার তেরেসা'	BN_POS
508718437657358336	'আকাশে লিখে দিলাম মনের সবকথা,তাকাও যদি আকাশে বুঝবে আমারব্যথা,বাতাসেতে ভালবাসা দিলামউড়িয়ে,ভাল যদি বাস আমায় দিও হাতবাড়িয়ে.'	BN_POS
508666463428018176	'…শক্তিশালী একজন আসছেন, আমি তাঁর জুতোর ফিতে খোলবার য়োগ্য নই৷ তিনিই তোমাদের পবিত্র আত্মায় ও আগুনে বাপ্তাইজ করবেন৷ [লূকলিখিত ৩:১৬] #বাইবেল'	BN_POS
508393550015262720	'ভিডিও দেখুন শেয়ার করে দেশবাসীকে দেখাতে সাহায্য করুন http:/t.co/X3iDaWj1dR via @youtube'	BN_POS
508450611374067712	'ও পারলে তুমি পারবে না কেন........... :/ :/ — feeling pained in Khulna http:/t.co/Yl0ZDwwVD0'	BN_POS
508708386704461824	'যখন চুমু দেবে তখন তো আমার ঠোঁট ও ছুয়ে যাাবে তুমি । নিলামে জেতার জন্য কি এটাই যথেষ্ট নয় ?'	BN_POS
508662786272919552	'RT @Twiter_Twets: যদি শোঁকগাথা হাতে বহূদুর যাও একদিন ঠিকই এনে দেব হাসিমুখ'	BN_POS
508715523039719424	'আল্লাহ আমােদর সবার লালন কাির,সে আমােদরকে সুেখ রাখলে তাঁকে সরণকরবো,এবং দুেখ রাখলেও তাঁকে সরণকরবো। http://t.co/yqpZahgYZR'	BN_POS
508715484561174528	'@Im_Hassi দেখিও। ইনশাআল্লাহ হবে।'	BN_POS
508638938223742976	'একজন মুসলমানের বুনিয়াদী আকিদা -বিশ্বাস ঃ## আল্লাহ পাকই মানব জাতির একমাত্র রব,বিধানদাতা ও হুকুমকর্তা।## কুরআন ও...'	BN_POS
508571367860883456	'সাদা কাপড় পরলে নাকি মন ভালো থাকে এবং মানুষের চোখেও সুন্দর দেখায়......তাই সাদা কাপড় পরলাম ......feeling....সাদা http://t.co/7FV526AHfQ'	BN_POS
508639640304508928	'আজ ৮ বছর পর পুটি মাছ ভাজি খাইলাম,তাও   আবার গলায় কাটা আটকে নাই, ফিলিং  অনন্ত জলিল :Dঅসম্ভব কে সম্ভব কইরালছি :p'	BN_POS
508724764018749440	'এ দেশের মাটি ও মানুষ আলেম বলতে বুঝায় .........http://t.co/nZ3ilZ2F47'	BN_POS
508697591198908417	'যাদের নাম আকাশ বাতাস এর মত তাহাদের চিনতে যেমন কষ্ট হয়, জিনিসটাও খুবই বিরক্তিকর। আপনার খোঁচা লাগতে পারে, কিন্তু... http://t.co/MzIJ763fnC'	BN_POS
508717577687035904	'বাল্যবিয়ে ধর্ষণের চেয়েও ভয়ানক! http://t.co/xaiAqfaig5'	BN_POS
508610696817307648	'মাননীয় প্রধান মন্ত্রী জননেত্রী শেখ হাসিনা শুধু  একজন  আদর্শ প্রধানমন্ত্রী নন সে একজন আর্দশ রাধুনীও বটে।  http://t.co/6vyvWCJxBq'	BN_POS
508655538427920385	'@lovemymessi বাব্বাহ ইন্টারেস্টিং তো! আমিও ওই মাঝে মাঝে :-P'	BN_POS
508454993184428032	'উইকেট পড়লো না একটিও!উইকেটবিহীন একটি দিনকাটলো বাংলাদেশের বোলারদের।অথচ, টসে জিতে অধিনায়কমুশফিকুর রহিম কিনা... http:/t.co/IUBHLTEXq3'	BN_POS
508653683396321280	'এই ৃছেলেটার প্রতিটা গান কেমন যেন,শুনলেই গায়ে শিহরন দেই — listening to আমাকে আমার মত থাকতে দাও-অনুপম রয়'	BN_POS
508696351014547456	'শুধু তোমার জন্য হাজারবার অসৎ হব;তোমার জন্য খুনী হব,তোমার জন্য হারামী হব, আমি-তোমার জন্য যেভাবে তুমি চাও-আমি তাই হব!'	BN_POS
508609058128285697	'হে আল্লাহ! আমি তোমার নিকট দুনিয়া ও আখেরাতের নিরাপত্তা কামনা করছি। হে আল্লাহ! আমি তোমার নিকট আমার দ্বীন ও... http://t.co/MNosYGJEYA'	BN_POS
508700002835628032	'@arif_rony2 টেকনাফ থেকে বেশি দূরে না এরপর সেন্ট মারটিন ও ঘুইরা আইসেন !'	BN_POS
508651622873182208	'Shahjahan Shourov ছেলেটা শুধু লেখেই ভালনা, মুরগী ভাল রাঁধে, চা ও।'	BN_POS
508656178893946881	'মিটফোর্ডে কাজে ফিরেছেন ইন্টার্ন চিকিৎসক ও নার্সরা'	BN_POS
508697156857778177	'@Im_Hassi একটা বল একটু ভুল হলো আর তার জন্য এত বড় মাশুল! যাই হোক...তাও ভালোই খেলেছে আল্লাহর রহমতে।'	BN_POS
508648415907938304	'বিনয়ী ব্যক্তি দুনিয়া ও আখেরাতে যা অকাংক্ষা করবে তাই পাবে ।— হযরত ওসমান (রাঃ)'	BN_POS
508696661552791552	'এবার ফেসবুকই হবে শিক্ষার মাধ্যমপ্রতিদিন আমরা যে সময় ফেসবুকে ব্যায় করি সেই সময়ের মাঝে কিছুটা হলেও শিখতে পারি।... http://t.co/IQx9oYbuNC'	BN_POS
508641588764241921	'মানুষই সর্বশ্রেষ্ঠ প্রাণী । ভিডিওটি দেখুন , খুব সুন্দর একটি ভিডিও ।'	BN_POS
508433500421509120	'ভালবাস ও জনপ্রিয়তা টাকা বা ক্ষমতার জোরে পাওয়া যায় না । ------------আদনান রহমান।'	BN_POS
508707965621514240	'জটিল !! গার্লফ্রেন্ড না পাইল্লা বান্দর পালাও অনেক উপকারী। http://t.co/mTt0ZtcmN2'	BN_POS
508430987240300544	'অতঃপর বুঝিতে পারিলাম, ইহা যদি ভালবাসা হইয়া থাকে,তবে উহা মোটেও ভালবাসা ছিল না, শুধুই #Attraction ছিল !..#নোট :... http:/t.co/ssZA3HDwF8'	BN_POS
508661198192410625	'@lovemymessi সে ভালোই আছে :-P তুমি ফেসবুকাও না?'	BN_POS
508631476083359744	'রহিম্বাই ও টিমম্যানেজমেন্টকে ধন্যবাদ অভিষেকেই ১০০ রান দেয়া ১৪ তম বাংলাদেশী হিসেবে শুভাগতকে সুযোগ দেয়ায়'	BN_POS
508698453753745409	'বিচারকদের স্বাধীনতা একবিন্দুও ক্ষুণ্ন হবে না: আইনমন্ত্রী | Daily Janatar News http://t.co/6bqwhfkvKC'	BN_POS
508695210159656960	'দুই ভায়রার জুটি যেনো ক্রিজেও ভালো মত জমে :P'	BN_POS
508443871848570880	'একদম নিখুঁত মানুষ খুঁজতে যেও না , বিধাতা মানুষের ভিতর কিছু কিছু খুত মিশিয়ে দিয়েছে; বেশি নিখুঁত মানুষ খুঁজতে... http:/t.co/S60KVwu499'	BN_POS
508645525101346817	'নৌ পরিবহন মন্ত্রণালয় পরিদর্শন।নৌ পরিবহন মন্ত্রণালয়ের অটোমেশন ওভিডিও কনফারেন্স উদ্বোধন করেনপ্রধানমন্ত্রী শেখ...'	BN_POS
508713801038839808	'ভূমি ব্যবস্থাপনায় সততা, দক্ষতা ও জনসেবাকে সর্বাধিক গুরুত্ব দিতে হবে:ভূমিমন্ত্রী http://t.co/lSUkEvRpjY'	BN_POS
508380103835803648	'@priam1039 যেমন যে নিজেও জানি না😞9 তারিখে তো নির্ঘাত টিকে যাবা....'	BN_POS
508619664818438144	'আওয়ামী লীগারদের হৈচৈ এর বদৌলতে ৪৫০ টাকার বই এখন ১০০০ টাকা। তবুও মিলছে না। পুরাই হটকেক। প্রথমা প্রকাশনী আর...  http://t.co/vKXY11jPFv'	BN_POS
508638661265485824	'ডি মারিয়া ও আলোনসোকে ছেড়ে দুর্বল হয়নি রিয়াল'	BN_POS
508592984859082752	'যা বলবা মন পরিষ্কার করে বলবা, ভুলেও ২ নাম্বারি করবা না।'	BN_POS
508449003944837120	'Photo Comment এর সাথে Sticker ও দেয়া যাচ্ছে Comment e :D http:/t.co/kxBtCU99VR'	BN_POS
508639505788960768	'ভদ্র সেই, বড় লোক সেই, যে সত্যের উপাসক।যে মানুষকে সমাদার করে-চরিত্রে মহৎ ও কাজ যার গৌরবময়।'	BN_POS
508581461424087040	'প্রেমে পড়েছেন মাত্রই। সবে মাত্র ডেট করা শুরু করেছেন। কয়েকবার এর বেশি দেখাও হয়নি আপনাদের। প্রেমের সবচাইতে মিষ্টি... http://t.co/AuKG8g7AIL'	BN_POS
508613264310153216	'আইএস জঙ্গীর স্ত্রী ও শহীদ হতে চাওয়া এক তরুনীর কথা  http://t.co/8D0ru7UN8c'	BN_POS
508721437688205312	'চিত্র-বিচিত্র: মাটিতে লুকিয়ে থাকা গুপ্তধন পেলেন এক দম্পতি! [ভিডিও]  http://t.co/gLWKuYSZIA http://t.co/Kxqlx9hUfU'	BN_POS
508698569864642560	'বিচারকদের স্বাধীনতা একবিন্দুও ক্ষুণ্ন হবে না: আইনমন্ত্রী | Daily Janatar News http://t.co/tNh4cA51vg'	BN_POS
508693038127128576	'রোদ-ঝড়-বৃষ্টি কিছুই থামাতে পারেনা এদের! কঠিন বাঁধার পাহাড় ভেঙ্গেও এরা কাজ করে নগরে-বন্দরে! ছবিঃ Apu Nazrul http://t.co/06ZW0Wyugd'	BN_POS
508649006168563712	'আমাকে আমার মতো থাকতে দাও,আমি নিজেকে নিজের মতো গুছিয়ে নিয়েছ। — feeling free'	BN_POS
508454571765940224	' সৌদিতে ডিভোর্স ঠেকাতে ড্রাইভিং ও বিবাহপূর্ব প্রশিক্ষণের পরিকল্পনা।দেশটির বিচার মন্ত্রণালয়ের পরিকল্পনা... http:/t.co/wfacYel3gB'	BN_POS
508713405608652801	'@maimuna_ctg রাজু ভাইয়ার সাথে পরশু দিন ফোনে কথা হইছিলো। ও বিশ্বকাপে খেলার ব্যাপারে আশাবাদী!! @im_hassi'	BN_POS
508662239789076482	'আকাশে হাজারতারা থাকলেওচাঁদ সবচেয়ে আলাদা হয়...তেমনি পৃথিবীতে হাজারমানুষথাকলেও,ভালবাসার মানুষসবচেয়ে আলাদা...'	BN_POS
508624330167554048	'I liked a @YouTube video http://t.co/uw7Gaaoew6 সৈয়দ শাহ নূর - সাওধের নাও'	BN_POS
508651146743799808	'যদি আর ও কারে ভালবাসোযদি আর ও ফিরে নাহি আসো তবে তুমি যাহা চাওতাই যেন পাওআমি যত দুঃখ পাই গো'	BN_POS
508412215805095937	'মা হচ্ছে আল্লাহর দেয়া সেরাউপহার! নিশ্চই আপনিওআপনার মা কে খুবভালোবাসেন?অভাগা সেইযে তার মা কে কাছে পায়নি।,'	BN_POS
508382440592003072	'@BoyBanglar ভালোই,, তাও ত বাংলার বেকার ছেলে না'	BN_POS
508425355104112640	'¤ সকালটা শুরু হোক আল্লাহ ও রাসূলের - সাঃ বাণী দিয়ে ¤তোমরা নেক ও আল্লাহ ভীতিমূলক কাজে একে অপরকে সহযোগীতা কর।... http:/t.co/TjujeOOZvI'	BN_POS
508701390466588672	'@AnuLikhon: শালার জীবন, টাকা কামাও, চুদাচুদি কর ...... বাল ছির যত পার তারপর একদিন ফুস ......... একদম সত্যি'	BN_POS
508657143651004417	'‘ধন-দৌলত, শাসন-ক্ষমতা ও বিপদাপদেই মানুষের বুদ্ধি- বিবেচনার পরীক্ষা হয়।..........'	BN_POS
508690490087456770	'★আপনি কী দেশে কথা বলতে চান ১০০\% ক্লিয়ার ভয়েস ও খুবই অল্প রেটে। তাহলে আজই আমাদের সাথে যোগাযোগ করুন। মনেই হবে না... http://t.co/QUM32A23ZK'	BN_POS
508719441182347264	'যদি কোনোদিন কেউ বলতো অনেক ভালোবাসি তোমাকে, কোনোদিন ছেড়ে যাবো না। তবে ভালোবাসার প্রতিদানে তাঁকে তাঁর চেয়েও বেশি ভালোবাসতাম।'	BN_POS
508611281633300480	'সেক্সভিডিও প্রকাশের মতো ভুলের পুনরাবৃত্তি চান না কিম কার্দাসিয়ান | Last News BD .com http://t.co/BwiU91oVlQ'	BN_POS
508690363885047808	'সংসদের অভিশংসন ব্যবস্থায় বিচারকদের স্বাধীনতা একবিন্দুও ক্ষুণ্ন হবে নাhttp://t.co/X23fN3OT7S'	BN_POS
508639102603120640	'যে লোক ধৈর্য ধরতে পারে,তার জন্য আনন্দ ও প্রশান্তি অপেক্ষা করে।।'	BN_POS
508643580286873600	'… হুম প্রতিবার এর মত এবারও আম্মু প্রথম উয়িস করছে … আর যদিও আব্বু মুখে কিছু বলে নাই তবুও মনে মনে যে হাজারবার...'	BN_POS
508707630794412032	'যাকে সত্যিকারেভালবাসা যায়সে অতি অপমান, আঘাতকরলে,হাজারব্যাথা দিলেওতাকে ভোলা যায় না...._কবি কাজী নজরুল ইসলাম।'	BN_POS
508441372487987200	'তামার বু হ স-ই য তামার সব খারাপ িদক জােন, তবুও তামােক পছ কর....। -অালবাট বাড'	BN_POS
508655070280310784	'আশাশুনি কলেজে ছাত্রলীগের নবীনবরণ ও মনোজ্ঞ সাংস্কৃতিক অনুষ্ঠান - Abnews http://t.co/ybLrnPPxAT'	BN_POS
508416861797875712	'শ্রমিকের গায়ের ঘাম শুকিয়ে যাওয়ার আগে তার পারিশ্রমিক দিয়ে দাও।_____(মহানবী মুহম্মদ।)'	BN_POS
508700928535719936	'লও জাতি আপডেট খাও :3 http://t.co/MH6eqpiQxV'	BN_POS
508651882760663040	'নদী ভাঙ্গনে ক্ষতিগ্রস্থদের মধে্য সহযোগিতা ও এলাকা পরির্দশন ।বিনীতঃ  জেবুন্নেসা হিরন ও আমরা নিশীথ কিংবা...'	BN_POS
508610773300432896	'৩৪ সেকেন্ডেই গোলরক্ষককে লালকার্ড! (ভিডিও) http://t.co/wl5W3nJ0rZ'	BN_POS
508618403230130177	'আমিও সেলিফি তুলি হাউ এক্সাইটিং'	BN_POS
508698518002081792	'বিচারকদের স্বাধীনতা একবিন্দুও ক্ষুণ্ন হবে না: আইনমন্ত্রী | Daily Janatar News http://t.co/qCBq88x6eh'	BN_POS
508465619851689984	'ঢাকা-টোকিও সম্পর্ক আগামিতে আরো জোরদার হবে : প্রধানমন্ত্রী: নিউজডেস্ক, বাংলাদেশনিউজ… http:/t.co/ZI9zdIOjTV'	BN_POS
508610175788662784	'কুষ্টিয়ায় পুলিশের বিশেষ অভিযানে গ্রেফতার ৫৬: অস্ত্র, ককটেল ও মাদক উদ্ধার http://t.co/KqfL5zqmW4'	BN_POS
508597038531874816	'িপঠা খাও http://t.co/NHxiR38uqh'	BN_POS
508698152757911552	'বিচারকদের স্বাধীনতা একবিন্দুও ক্ষুণ্ন হবে না: আইনমন্ত্রী | Daily Janatar News http://t.co/OPSua8DMnQ'	BN_POS
508382195518812160	'@Tanvir775 ধন্যবাদ ভাই অনেক ধন্যবাদ,,, দোয়া করি আপনিও ভালো থাকেন সারাজীবন'	BN_POS
508586015913955328	'দুই বন্ধুর যুদ্ধআঠারো নম্বর গ্র্যান্ড স্ল্যাম জিতে ক্রিস এভার্ট ও মার্টিনা নাভ্রাতিলোভার পাশে ইতিহাসের অংশীদার... http://t.co/7ti244HoXB'	BN_POS
508703364860112896	'তামিম !ডানো খাওয়া ছেড়ে দে বৎস  .ডানো কম্পানির ও একটা ইজ্জত আছে'	BN_POS
508574152857374720	'বাংলা ভাষার অন্যতম জনপ্রিয় কবি ও কথাসাহিত্যিক সুনীল গঙ্গোপাধ্যায়ের ৮১ তম জন্মবার্ষিকীতে রেডিও ফুর্তি জানায় গভীর... http://t.co/NYcLJ3JHGW'	BN_POS
508714401247940608	'@sajid_nazmus @Im_Hassi ফোনে কথা হয়েছিল! (আবার হিংসিত :p) হুম...আমিও চাই উনি খেলুক বিশ্বকাপে।'	BN_POS
508588763657031680	'আমরা প্রত্যেকেই আলাদা মানুষ।প্রত্যেকের নিজস্ব চিন্তাধারা আছে,ভাব প্রকাশের অভিব্যক্তি ও আলাদা।অথচ এই আমরাই যখন... http://t.co/TwF55Z0yDe'	BN_POS
508385922979991552	'ফ্রী থাকলে আসোন একটু আড্ডা দেই প্রবাসী ভাই ও আপুরা !'	BN_POS
508656691379175425	'পাচ টেস্ট আর চারটি ওডিআই পরে ইংল্যান্ড  সফরের   প্রথম ফিফটি  পেল ভিরাট কোহলি!তবে আজকের ব্যাটিং দেখে একবার ও...'	BN_POS
508651672499802112	'আওয়ামী লীগের কারণেই জঙ্গিবাদের উত্থান বলে মন্তব্য করেছেন মির্জা ফখরুল ইসলাম আলমগীর। আপনিও কি তা-ই মনে করেন?হ্যাঁ...'	BN_POS
508694393780310016	'YouTube থেকে ভিডিও ডাউনলোডের জন্য কোন APK টা কাজ করে? এবং ইজি।'	BN_POS
508652962629943296	'রশিদনগরে সাংসদ কমলের রোগমুক্তি কামনায় খতমে কোরআন ও দোয়া - Abnews'	BN_POS
508612063258628097	'বগুড়া সমিতি ও উত্তরবঙ্গ জনকল্যাণ সমিতির ত্রাণ বিতরণ http://t.co/ltirQtmYBi'	BN_POS
508454698245165056	'যে হাদিসটি শতবার পড়লেও মন ভরে না, যে হাদিসটি পড়লে বরাবরই আনন্দে চোখ ভিজে আসে...রাসূলুল্লাহ (সা) তাঁর... http:/t.co/9wS1o8tDRG'	BN_POS
508459960456740864	'মুঠোফোন ব্যবহারে নারী-পুরুষ ভিন্নতাএসএমএস বা খুদে বার্তা ও ই-মেইল পাঠানোর কাজে মুঠোফোন ব্যবহারের প্রবণতা... http:/t.co/8qT4SaOgw5'	BN_POS
508618885722275842	'আত্মবিশ্বাসী হলেও সতর্ক বাংলাদেশ -  http://t.co/8KmRsoNxql @ http://t.co/T0q6cdtRPC'	BN_POS
508696816397725696	' চুমুতে চিনি নেই, মধুও মেশানো থাকে না, তবুও চুমোর মতো মধুর স্বাদ জগতে আর কিছুতে নেই ---- শীর্ষেন্দু মুখোপাধ্যায়'	BN_POS
508723548438167552	'হজ ও ওমরাহ যেভাবে আদায় করবেন[হজের মতো গুরুত্বপূর্ণ ইবাদত তাওফিক হওয় খুবই সৌভাগ্যের। কিন্তু হজের মাসয়ালা ও... http://t.co/0U3X9HaYwT'	BN_POS
508464695368351744	'যারা মাকে ভালোবাসেন তারা শুধুই পোষ্ট টা পড়েন। ★মা এক গ্লাস পানি দাও তো!★মা নাস্তা দাও!★মা খেতে দাও!★মা আজ... http:/t.co/XjbkzhW9Dg'	BN_POS
508631287272599552	'থ্যাংক ইউ সো ভেরি মাছ বেহেন ফর দিস ওয়ান্ডারফুল গিফট !!এততো এততো চুম্মা ও <3 তোমাকে ।আল্লাহ্‌ ! আমাদের সবার...'	BN_POS
508716038523854848	'সেই সময়টা খুব কঠিন,যে সময় চোখের পানি ফেলতে হয়।কিন্তু ঐ সময়টা তার চেয়েও কঠিন;যে সময় চোখের পানি লুকিয়ে রেখে হাসতে হয়।#peeps'	BN_POS
508442448281210880	'মুখ ও মুখোশ নিয়ে অশ্লীলতার অভিযোগে মুখ খুললেন হিল্লোলhttps:/t.co/duSmU5c040 http:/t.co/3qh4W6zbdk'	BN_POS
508699650979663872	'লালমনিরহাটে প্রতিবাদ সভা ও সাংবাদিক সম্মেলন করেছে মুক্তিযোদ্ধাদের একাংশ http://t.co/Yb7PWA3HUr'	BN_POS
508383871423885312	'দেশের অগ্রগতির জন্য নারী ও পুরুষকে একযোগে এগুতে হবে:ভূমিমন্ত্রী http:/t.co/2lXoDA4uIh'	BN_POS
508590289096032256	'@shahanaz_rumy এত কষ্টের কষ্টের টুইট দাও কেন??? তোমাকে ছেরে কেউ কি চলে গেছে? আর চলে যদি যেয়ে থাকে তাকে ভুলে, নতুন কিছু ভাবা শুরু করো।'	BN_POS
508701471076909056	'যদি তুমি কাউকে পাওয়ার জন্য আল্লাহর কাছে দোয়া করে না পাও,তবে মনে করবে অন্য কেউ তোমাকে পাওয়ার জন্য দোয়া... http://t.co/v7hDnBE9XR'	BN_POS
508589463195226112	'“কেও কারও মত হতে পারে না। সবাই হয় তার নিজের মত।তুমি হাজার চেষ্টা করেও তোমার চাচার বা বাবার মত হতে পারবে না। সব মানুষই আলাদা।”―Humayun Ahmed'	BN_POS
508593850802126848	'<<<<<<,Education Special>>>>প্রতিদিনের সব সংবাদ ও টকশোসহ এক্সক্লুসিভ ভিডিও দেখতে ক্লিক করুন....... http://t.co/HHznZQw1iI'	BN_POS
508458941156962304	'লাইফ এ ব্রেক নিতে পারা ও একটা বিশাল যোগ্যতা। বিধ্বস্ত মুখ থুবড়ানো জীবন টা থেকে একটা ব্রেক নিয়ে যদি নতুন করে শুরু... http:/t.co/tHZm03femt'	BN_POS
508448463445823488	'সিলেট জেলা ছাত্রলীগের সভাপতি পদে প্রবাল চৌধুরী পুজন কে দেখতে চাই।সততা, যোগ্যতা ও নির্ভীকতায় কঁেপে উঠুক রাজপথ।... http:/t.co/kLInJHqKQT'	BN_POS
508457083285434368	'আপনার হাসি যেন শুধু আপনার ঠোঁট থেকে নয়, মন থেকেও যেন আসে। একটি প্রাণোচ্ছল হাসি আপনার সম্পর্ককেও অনেক গভীর করে দিতে পারে।'	BN_POS
508714434072563712	'সংসদের অভিশংসন ব্যবস্থায় বিচারকদের স্বাধীনতা একবিন্দুও ক্ষুণ্ণ হবে না:আইনমন্ত্রী http://t.co/WgyKgXFp69'	BN_POS
508698110970052608	'আসুন আমরা সবাই এগিয়ে আসি বাঁধনকে বাঁচাতে... আগেও আমরা পেরেছি, এবারো পারবো ইনশাল্লাহ! http://t.co/2r1gCfgG49'	BN_POS
508635011948756992	'দেশবন্ধু পলিমারের বোনাস ও রাইটের ঘোষণা'	BN_POS
508716786511282177	'সারা শহর ঘুমে অচেতন।জাগনা আছি আমি আর আপনি।কে কে জেগে আছো একটু সারা দাও....?'	BN_POS
508466768369561600	'#IABDআল্লাহ তাআলা পবিত্র কুরআনের চার চারটি স্থানে উল্লেখ করেছেন যে, তাঁর নিদর্শনাবলি থেকে ধৈর্যশীল ও শুকরগুযার... http:/t.co/tfTLuiyqO3'	BN_POS
508610889722114048	'ভাল ও খারাপ উভয়ের সাথেই মেশা দরকার। খারাপটা শিখে পরিহার করার জন্য আর ভালোটা অনুসরণ করার জন্য।'	BN_POS
508458287252393985	'আরামদায়ক ও বৃষ্টিতে ব্যাবহারের উপযোগী বাহারি রঙের স্যান্ডেল এখন পাচ্ছেন আইফেরি.কম এ।অর্ডার করুন এই লিংক থেকে ঃ... http:/t.co/GAAj8r1gt0'	BN_POS
508380466639306753	'আমরা দলের ভাল চাই বলেই সৎ ও যোগ্য নেতৃত্বে বিশ্বাস করি।'	BN_POS
508695495863070720	'হিংসাকে অহিংস করেআমি তোমার থেকে,তোমাকে-বেশী হিংসা করে বেশী প্রেমে আপনতা চাই!ফিরিয়ে দেবে? দাও।'	BN_POS
508707825334231041	'তাঁদের মধ্যে মধুময় সম্পর্ক [নবী-পরিবার ও অবশিষ্ট সাহাবীগণ পরস্পর সহানুভূতিশীল] http://t.co/4BWw27uRnb#shiatruth#بنغالي #বাংলা #islam'	BN_POS
508721377268867072	' ছাইদানি ভরা থাকে মরা আগুনে, যাও মেঘ বলে দাও আমি ভালো নেই ... __ #চন্দ্রবিন্দু'	BN_POS
508589659463905280	'RT @AwamiLeague1: নদী সমূহের দূষণ রোধ করা ও নদীগুলোর নাব্যতা ফিরিয়ে আনার উপর গুরুত্ব আরোপ করেছেন প্রধানমন্ত্রী শেখ হাসিনা।আজ নৌ... http:/…'	BN_POS
508581140349726722	'পার্থিব জীবন ক্রীড়া ও কৌতুক ব্যতীত কিছুই নয়। পরকালের আবাস পরহেযগারদের জন্যে শ্রেষ্টতর। তোমরা কি বুঝ না ?(আল কুরআন)'	BN_POS
508588384592621568	'নদী সমূহের দূষণ রোধ করা ও নদীগুলোর নাব্যতা ফিরিয়ে আনার উপর গুরুত্ব আরোপ করেছেন প্রধানমন্ত্রী শেখ হাসিনা।আজ নৌ... http://t.co/NWUVj6uNuz'	BN_POS
508710272803291136	'জানিনা কত টুকু ভালবাসি তমাই,সুদু বলবো আমার ভালবাসার শেষ নেই...তুমি যদি সীমানা খুঁজতে যাও,তুমি নিজেই হারিয়ে... http://t.co/7og05LOYJ7'	BN_POS
508577844750864384	'মেজবান ও কিছু মজার মুহূর্ত http://t.co/opgXuqMoZi'	BN_POS
508689635909070848	'কাজ চাই, যে কোন কষ্টের কাজ হলেও চলবে...।'	BN_POS
508567197967327233	'মহিলা ও শিশু বিষয়ক প্রতিমন্ত্রীর খানজাহান আলী (রহঃ) এর মাজার জিয়ারত http://t.co/I5bt6Z9xq0'	BN_POS
508614036142186496	'পশ্চিমা বিশ্বের অনুকরণে আমাদের দেশেও শুরুহয়েছে তথাকথিত সুন্দরী প্রতিযোগীতা। এইপ্রতিযোগীতা গুলো দেখলে আমার মনে.../ http://t.co/4ss2uDtKwf'	BN_POS
508616717057409024	'স্থানীও খবরঃ ক্ষেতলালের মাদক মামলার সাজাপ্রাপ্ত মা ও মেয়ে দুপচাঁচিয়ায় আটক http://t.co/1C1kg2S7O0'	BN_POS
508662458236403712	'RT @gunijon: একমাত্র প্রেম ই বিবাহকে পবিত্র করতে পারে। আর একমাত্র অকৃত্রিম বিবাহ সেটাই যেটা প্রেমের দ্বারা পবিত্র ----- লিও টলস্টয়'	BN_POS
508393202970136576	'নভোমন্ডল ও ভুমন্ডলে যারা আছে, তারা তাঁরই। আর যারা তাঁর সান্নিধ্যে আছে তারা তাঁর ইবাদতে অহংকার করে না এবং অলসতাও করে না।[Quran 21:19]'	BN_POS
508614938076524545	'প্রযেক্ট ভিত্তিক এইচটিএমএল ৫ টিউটোরিয়াল – আইফোন এ্যাপ, গেমস্, পোর্টফোলিও সহ  আরও অনেক কিছু  http://t.co/MyahhAUouO'	BN_POS
508439252569313280	'অতঃপর বুঝিতে পারিলাম, ইহা যদি ভালবাসা হইয়া থাকে,তবে উহা মোটেও ভালবাসা ছিল না, শুধুই #Attraction ছিল !..#নোট :... http:/t.co/69P33c2iTl'	BN_POS
508698626059935744	'দোস্ত #Selfie আমি ও মাঝেমধ্যে selfie তুলি , কি করুম সবাই দেখি selfie photo তুল্লা F B জাম কোইরা ফেলে তইলে আমি কি... http://t.co/SN1OgDWZi3'	BN_POS
508660309658443776	'তুমি দুনিয়ার সবচেয়ে ভাল মানুষটি হলেও তোমার ঘৃনাকারী থাকবে। তাদের কথা শোনো এবং ভুলে যাও। সেগুলো নিয়ে ভাবতে বসলে...'	BN_POS
508588145089478656	'#Bangladesh #News পৃথিবীখ্যাত শিল্পীদের আদর-সোহাগের পোষ্য - বিড়াল, কুকুর, বানর, শিম্পাঞ্জি, ম্যাকাও, হরিণ, গাধা, ময়ূর, ইগল, হাঁস,...'	BN_POS
508656407600562176	'নদী পথে যাত্রী ও পণ্য পরিবহন নিরাপদ করতে সুরক্ষিত নৌপথ গড়ে তুলতে প্রধানমন্ত্রীর আহ্বান: ঢাকা, ০৭ সেপ্টেম্বর ২০...'	BN_POS
508442533513658368	'মানুষকে সবসময় কিছু না কিছু মিসকরতে হয়কোনো কিছু মিস করাতে ও একধরনের আনন্দ আছে।______ হুমায়ূন আহমেদ'	BN_POS
508711142324056064	'মনে চাই আজ ওতোমাকে নিয়ে হারিয়ে যাই এইচাদঁনী রাতের নীল আকাশেরমেঘে........ I miss u......'	BN_POS
508449372074692608	'Prabal Chowdhury Pujon ছেলেটি শিক্ষিত ও যোগ্য নেতৃত্বগুণধারী বলেই জানি। একজন নেতা হতে গেলে মানবিক গুনসম্পন্ন হওয়া... http:/t.co/v7o0MAUNXw'	BN_POS
508692908522733568	'@mohammad_ulla খুব আপন ও হয়ে উঠে এই মানুষ গুলা'	BN_POS
508711089186418688	'বিদ্যালয়বিহীন গ্রামে ৮০৭টি বিদ্যালয় প্রতিষ্ঠা করা হয়েছে : সংসদে প্রাথমিক ও গণশিক্ষা মন্ত্রী http://t.co/JrPbicmDvz'	BN_POS
508664580013187072	'যত দূরে থাক,  ত্রত কেন ও কাছে।'	BN_POS
508665202280517633	'বহুদিন হটাৎ করে সেদিন  ক্রিকেট  খেললাম।।খেলা শেষে কিছু না বুঝলেও এখন মজা পাচ্ছি।তার উপর কাল ২টা সাবজেক্ট...'	BN_POS
508456938586521600	'আল কোরআনসূরা আল সাফ নভোমন্ডলে ও ভূমন্ডলে যা কিছু আছে, সবই আল্লাহর পবিত্রতা ঘোষণা করে। তিনি পরাক্রান্ত... http:/t.co/u0icfHJK68'	BN_POS
508613257616453632	'আইএস জঙ্গীর স্ত্রী ও শহীদ হতে চাওয়া এক তরুনীর কথা  http://t.co/19IEQt0gq7'	BN_POS
508617146348617728	'মুসলমানদের একদল, যারা কোনো রকমে অর্থ ও মর্যাদা লাভ করতে পেরেছিলো, তারা গর্ব করতে ভালোবাসতো এ ব’লে যে তারা এদেশের... http://t.co/mj3MnY4Ip1'	BN_POS
508384205693550593	'সঠিক সংবাদ সবার আগে পড়তে, দেখতে ও শুনতে ভিজিট করুনhttp:/t.co/EZMPml6PPZ http:/t.co/CHsYWgRKJq'	BN_POS
508697803720519680	'RT @ahmealauddin: ..... মেয়েরা এতো নিখুত ও কোমল করে হিট করতে পারে তাআগে জানতাম-না তো ! http://t.co/yO6UzoGGxm'	BN_POS
508700968096002049	'•► ইসলামের শাশ্বত বাণী সবার কাছে পৌঁছে দেওয়া সকল মুসলিমের দায়িত্ব। সুতরাং শেয়ার ও ট্যাগ করতে ভুলবেন না। http://t.co/WpSMW9nmPY'	BN_POS
508623763265429505	'এই পোলাটারে সবাই এড কইরা নাও চরম এক্টিভ :-)জাস্ট নাউ লাইকার+কমেন্টার'	BN_POS
508614681271873536	'দ্রুততম লাল কার্ডের রেকর্ড (ভিডিও) | Last News BD .com http://t.co/v79JTCNAWG'	BN_POS
508694208945717248	'আজকের রাশিফল ( ৮ সেপ্টেম্বর ২০১৪ ): মেষ: কর্মস্থলে প্রতিকূলতার মধ্যেও সাফল্যের সূচনা। চারুশিল্পে নৈপুণ্যের সুব... http://t.co/Zdu4qfWS9k'	BN_POS
508707342305984512	'দলে ও জোটে অগ্নিপরীক্ষায় এরশাদ http://t.co/0S2yXH5GEr'	BN_POS
508654816491339776	'নদী পথে যাত্রী ও পণ্য পরিবহন নিরাপদ করতে সুরক্ষিত নৌপথ গড়ে তুলতে প্র ... -'	BN_POS
508706387942445056	'জীবনবাজি রেখে দুটি হরিণকে উদ্ধার করলো দুই ব্যক্তি [ভিডিও] বিস্তারিত-  http://t.co/PwToXzYoZ5 http://t.co/m2Bi5rbsHO'	BN_POS
508714980276199425	'টিফিনের টাকাও আত্মসাৎ করেছে বোর্ড-বিশ্ববিদ্যালয়গুলো! - http://t.co/2vVJdgHoyN @ http://t.co/T0q6cdtRPC'	BN_POS
508704592054325248	'সব সাংবিধানিক পদে সংসদীয় অভিশংসন: আইনজীবী ও নাগরিক সমাজের উদ্যোগের মধ্যেই বিচারপতিদের অভিশংসনের ক্ষমতা সংসদের ... http://t.co/rtpUNwfzwR'	BN_POS
508694956308193281	'নবম অধ্যায়বিবিধজনসেবক ৮৫৷ নিয়ন্ত্রক, উপ-নিয়ন্ত্রক, সহকারী নিয়ন্ত্রক,বা এই আইনের অধীন ক্ষমতা প্রয়োগ ও কার্য... http://t.co/SFF2yJlUWN'	BN_POS
508460784142131200	'কম্পিউটারের মত আপনার অ্যান্ড্রয়েড ফোনেও করুন মাল্টি টাস্কিং http:/t.co/anuvDlrTfS via @TheDhakaTimes'	BN_POS
508659450480033794	'\\সংসদের অভিশংসন ব্যবস্থায় বিচারকদের স্বাধীনতা একবিন্দুও ক্ষুণ্ন হবে না\\: আইন, বিচার ও সংসদ বিষয়ক মন্ত্রী...'	BN_POS
508650599089311747	'আমার ও পরান ও যাহা চায়তুমি তাই , তুমি তাই গোআমার ও পরান ও যাহা চায়'	BN_POS
508716558726615041	'চিন্তা করুন চিন্তার বিষয়:• পৃথিবীর একমাত্রপ্রাণী ডলফিন যে একচোখখোলা রেখে ঘুমায়।• এর চেয়েও অদ্ভুত প্রাণী... http://t.co/8636Tkke34'	BN_POS
508612292271824896	'প্রশ্ন: অনেকে বলে, আমরা অলী-আউলিয়া ও বুজুর্গ লোকদের নিকট বিপদাপদ থেকে উদ্ধার কামনা করি। তবে তাদের নিকট আমরা যা...  http://t.co/yaMQxWAsRe'	BN_POS
508595034816786432	'ভালোবাসার মানুষকে বেধে রাখতে নেই,তাই আমিও তোমাকে মুক্ত করে দিয়েছি ।আমি কখনো বেধে রাখি নি তোমায়,আজ ও বাধবো না... http://t.co/RL4OZwYl6p'	BN_POS
508440893456539648	'ঢাকা-টোকিও সম্পর্ক আগামীতে আরো জোরদার হবে : প্রধানমন্ত্রী http:/t.co/vKNDgvcldG'	BN_POS
508589115768836096	'কি সৌভাগ্যবান তারা ছিলেন আল্লাহ আমাদেরকেও তাদের মত হওয়ার তৌফিক দান করুন...আমিন। http://t.co/D8cyhULKUM'	BN_POS
508660015150809088	'@Im_Hassi তা তো আমিও।তবে আমি ধরেই নিয়েছি যে ইন্ডিয়া আমাদের বেশি উপরে যেতে দিবে না। তাই যতদিন আছে ততদিনই ব্যপারটা উপভোগ করছি,সমর্থন করছি।'	BN_POS
508577841282170880	'মেজবান ও কিছু মজার মুহূর্ত http://t.co/Lc9NLm8mId'	BN_POS
508377504344580096	'একটু আগে দেখি আমার এক স্কুল ও কলেজ বন্ধু আমার পেইজে মেসেজ দিছে, কেমন আছোস? বন্ধু তোর পছন্দমতো দলের জন্য কাজ করে... http:/t.co/aU6X7DY7HS'	BN_POS
508690391487741953	'হারার মধ্যে ও আনন্দ রয়েছে। কিন্তু তা উপভোগ করতে জানতে হয় যা অধিকাংশই পারেনা।'	BN_POS
508649311304155136	'আমাকে আমার মতো থাকতে দেও — feeling safe'	BN_POS
