id	text	class_label
6294	ভয়ঙ্কর সুন্দর বলে যা থাকে। তাই	Positive
25109	এমরান একটা জারোজ সুলতানাকামাল একটা মাগি শাথে আর একটা খানকি	Negative
27977	সেটালাইট খুব ভালো কথা কিনতু মানুষসে কি উপুকার হবে	Neutral
14061	কি আর করব ওরা,, কাস্টমারের অভাব মনে হয়	Negative
25027	তিনটি কুতা চিলাচিলি করে বেসি। একটু থামান পিলিচ।এখানে টকসো হয়।রামরাম পুজো হয়না।তোর মায়রে চুদা তুই জরমো নিছোচ।মাদার চোদ।রাম চোদ রাম কম কর।তুই মরলে মনদিরে তোরে পোরানো হবে।মোললা দিয়ে জানাজা হবেনা	Negative
25549	মাহামুদা মোনাফেন	Neutral
25298	উপস্থাপক কে ধন্যবাদ।	Positive
17894	কয়জনের বাবা মা এমন ভাল হয়??? অনেক কেয়ারিং ছিলেন তারা। আর ছেলেমেয়েরা এসব দেখলে পড়াশুনায় ডাব্বা মারবে।	Positive
25460	মাদারির চোদ ইমরান তুর গালে জুতা মারি,	Negative
8790	চাঁদপুর থেকে ঢাকায় এসেছি, আমার কাছে কিচু মালামাল ছিল অন্য মানুষের বিদেশে আসবো বলে মানুষ দিয়ে ছিল, লঞ্চ থেকে সবায় নামার পরে আমি নামতে গেলাম কারন আমার হাতে মালামাল ছিল কিন্তু নামতে পারলাম না, আমাকে হলুদ বাহিনি আটকাই, বলে ঘাটের টাকা দিতে হবে তখন আমি ৫০ টাকা দেওয়ার জন্য রাজি হলাম কিন্তু তারা নেয় না, বলে ১০০০ টাকা দিতে হবে, পরে আমি লঞ্চের টিকেট মাস্টারকে বল্লাম উনি বলে আমি কিছু জানিনা,	Neutral
3051	creativity দিয়ে নিজের দেশকে তুলে ধরুন,বিশ্বের কাছে পরিচয় করিয়ে দিন দেশকে নতুন ভাবে।আর আপনারা কি আসলেই বাংলাদেশের??সন্দেহ হয়	Negative
25097	দুই জন হিন্দু আছে ওরা তো এমনিতেই ইসলামের বিপক্ষে আর কি বলা লাগবে	Neutral
26312	প্রিয় হিরো ঠিক বলছেন	Positive
11499	Md Anam তোর মারও আছে আমার সাথে	Negative
26586	পটাকা শব্দের অর্থটা কি?? কেউ জানলে বইলেন প্লিজ।	Neutral
27849	ভাই, সব শেষ।	Negative
27009	মাল একখান,,,,	Positive
27504	বাংলাদেশে এর দাম কতো ৩/৩২ জিবি	Neutral
3218	মুভি টার নাম বলতে পারেন কেউ?	Neutral
25930	এই জাফরকে আমি পেলে একেবারে গুলি করবো,	Negative
21404	অসভ্য ভিডিও।	Negative
11131	তুই আসলে মাগি	Negative
25614	মাহমুদুর রহমান ধন্যবাদ ভাই	Positive
26814	ভদ্রতা বাড়িতে শিখবেন ইউটিউবে না !!! Okk!!!	Negative
26709	পটাকা অর্থ কি ?	Neutral
11074	সুমী হালী কয় কি কয় টাকা খাই ছে	Negative
25413	ভাই গালিগালাজ না করে গঠনগত সমালোচনা করুন।	Neutral
7264	মনের সাথে কেনো জানি মিলে যায়	Positive
22644	অন্ধের বাচ্চা অন্ধ । কিসের মধ্যে কি পানতা ভাতে ঘি।	Negative
28062	খুদাত্র মানুষের মুখে খাবার জরুরী আর কিছু না।	Neutral
3869	vaiya awesome onkk bhalo নববর্ষ।।	Positive
27849	ভাই, সব শেষ।	Negative
25027	তিনটি কুতা চিলাচিলি করে বেসি। একটু থামান পিলিচ।এখানে টকসো হয়।রামরাম পুজো হয়না।তোর মায়রে চুদা তুই জরমো নিছোচ।মাদার চোদ।রাম চোদ রাম কম কর।তুই মরলে মনদিরে তোরে পোরানো হবে।মোললা দিয়ে জানাজা হবেনা	Negative
26936	গানটা ভাল,কিন্তু নাচটা?	Neutral
28072	এই কথা গুলো স্যাটেলাইট পাঠানোর পূর্বে বলেন নাই কেনো তাহলেইতো আর পাঠাতে পারতোনা বাংলাদেশ সরকার।পাঠানো শেষ আর সমালোচনার ঝড় বইয়ে দিচ্ছেন যে কিনা এটা হবে ঐটা হবে বা হতে পারতো ইত্যাদি।আসলেই আপনারা দেশ বা জাতী নিয়ে চিন্তিত নন আপনারা শুধু আপনাদের চ্যানেলের TRP বারানোর চিন্তায় থাকেন	Neutral
11411	খুব খারাপ লাগছে আজ সুমি আপা আমার শ্রদ্ধা হারালেন।	Negative
25540	টিউলিপ যাতে বাংলাদেশ এ না আসে যেহেতু সে আত্মস্বীকৃত বাংলাদেশি না	Neutral
25631	মাহমুদুর রহমান তোর আর তোদের বাপ । তোদের বাবারা যে শিক্ষা তোদেরকে দিতে পারেনি মাহমুদুর রহমান তা তোকে এবং তোদেরকে দিচ্ছে । ভাল করে গিলে নে ।	Negative
28211	কাল আমি এই ভিডিও শেয়ার করেছিলাম,,,,আজ দেখি অনেক ভিউ। আমারো ভালো লাগলো দেখে। মানুষ সত্যিটা জানতে পারছে।	Positive
19828	নাগিনের বিষাক্ত দংশনের যন্ত্রণা কেমন দেখেছ , হে ! হুজুগে মাতাল জাতি ?	Negative
26377	আমি ইলিয়াস কাঞ্চন ভাই এর সাথে আছি ।	Positive
28195	সব ফাইজলামি ভাই	Negative
11499	Md Anam তোর মারও আছে আমার সাথে	Negative
24808	হিন্দুদের দালাল	Negative
26561	কলিকইত্তা মালু মাগীরপুতগুলো কত আর ভাল ছবি বানাবে ? একমাত্র কলিকইত্তা সোনাগাছির জারজ মাগীরপুতগুলো এইসব ছবি বানাতে পারে | নুসরাত ফারিয়া হলো একটা মাগী ও বালপাকনা মেয়ে|	Negative
26079	ধন্য বাদ লিটন ভাই আমি ও আছি আপনার সাতে আমাদের সরকার ও পসাষন টিক নয় কারন জাফর ইকবালে সাহষ কোথায় তেকে পেয়েছে আমি জুদি বাংলাদেশ তাকথাম তা হলে তার দোকান পেটটল দিয়ে জালিয়ে দিতাম জাফর ইকবাল জুদি আপনি বাংলাদেশ তাক তাহলে তোমার জীবন শেষ আমি বাংলাদেশ আসতেছি আমার বাড়ি সিলেট লিটন ভাই আপনারে আমি সেলুট জানাই ভাই	Positive
17625	পোলায় ক্লাস সেভেনের পড়াও বোঝেনা।	Negative
25118	সুলতানা কামাল আপনি এত বাচাল কেন?	Negative
26466	পটাকা আবার কোন ধরনের শব্দ? এইটার মানে কি?	Neutral
11205	পৃথিবীতে আর কোন দেশ স্বাধীন হয় নাই। যুদ্ধ করছে বলে তার চৌদ্দ গুষ্টিকে সুবিধা দিতে হবে। কোথায় স্বাধীনতা ছাত্র দের উপরে হামলা। সংসদে মুন্ত্রী হচ্ছে ইনু।	Negative
25717	ভাল লাগল স্যার	Positive
26965	আমি একটা গান পরবেন সবাই নুসারট ফারিয়া আমার কমরটা দিলাইয়া তরে আর তর মারে বিসানায় ফালইয়া এমন চুদাচুদমু না মাগির বাচ্চা সব ভুলে যাবি যে গানটা লিখছে সে একটা মাগির পুত বা মাগির জি মনে।।। এক কথায় বুঝাতে চায় হট বাবা মায়ের হট সন্তান####	Negative
28062	খুদাত্র মানুষের মুখে খাবার জরুরী আর কিছু না।	Positive
25562	আপনারা খমতায় থাকা কালিন কি কোরেছেন তা আপনাদের মনেনাই কি বলেন আপনারা কি, এক হয়ে দেশ চালান দেশ আর আগে নিয়েজান আমরা আর আপনাদের বি তরকো সুন্তে চায়না	Neutral
23468	যমুনার খানকির পোলারা আগে টাকা চায়। টাকা না দিলে খানকির পোলারা রিপোর্ট বানায়। বেকগ্রাউন্ড সাউন্ড নিয়ে একটা বানেয়াট কথা বলে দিলেই হল। হালারা ধান্ধাবাজ। কিন্তু কিছু সত্য থাকলেও। সালারা বেশির ভাগই মিথ্যা বলে।	Negative
6791	অনেক দিন পর শুনলাম জোস একটা song	Positive
21631	পুরোনো জিনিস দেখি	Neutral
7132	প্রথম কলির পরে যে বায়লিন এর মায়াবি সুর,কি ভাবে সম্ভব?বিধাতার দান, পাগল হয়ে যাই।লাভ ইউ অর্ণব।	Positive
25365	আমি সত্যি গরবো বোদ করি।একজন আলেম হিসাবে যে ভাবে বলার দরকার সেই ভাবেই কথা গুলি বলছেন।সেলুট মাওলানা সাহেব।	Positive
25549	মাহামুদা মোনাফেন	Negative
25173	আরে টুকাই,,,মুফতি সাহেবের কথা শোন	Negative
11139	মুক্তিযোদ্ধা কোঠা এখন রাখা না রাখা সমান কারন মুক্তিযোদ্ধার সন্তান এর কোঠা রেখে কি লাভ এখন চাকরি করার মত বয়স মুক্তিযোদ্ধার ছেলেদের আর না থাকার ই কথা	Neutral
25412	একজন বিজ্ঞলোকের সাথে তিন বিজ্ঞনামের মূর্খের লড়াই। নিরপক্ষভাবে যাচাই করলে তিন বুদ্ধিবেজীকে চমৎকারভাবে শিক্ষা দিলেন এক মাদ্রাসার মাওলানা	Positive
26342	মতিয়া কে মন্ত্রী কে বানিয়েছে উফ জত্তসব পাগল ছাগল মন্ত্রী হয়েছে,মনে হচ্ছে কোনো এক সময় কাজের বুয়া ছিলো	Negative
26445	Risbi Ahmed ভাই এসব কথাজাদের ইমান আছে তাদের তারা বলতেপারেমেনবল রেখে	Neutral
23748	বাংলাদেশে যে দূর্নীতি হয় সে টা বিদেশী ব্যবসায়ীরাও ব্যবহার করছে। বাংলাদেশ দূর্নীতির বিশ্ব আখড়া হিসাবেই থেকে যাবে। দুঃখজনক হলেও সত্য বিদেশী হয়ে দেশের গণ মাধ্যমকে বাধা দেয় কতটা দুঃসাহস। মূল হতা এদেশের বড় বড় কর্মকর্তারা।	Neutral
27776	আলহামদুলিল্লাহ উতখেপন হয়ে গেসে তাহলে	Neutral
27009	মাল একখান,,,,	Neutral
27001	গান টি ভাল কিন্তু গানের সাথে পোশাকের সাথে কোনো মিল পাচ্ছি না	Neutral
26965	আমি একটা গান পরবেন সবাই নুসারট ফারিয়া আমার কমরটা দিলাইয়া তরে আর তর মারে বিসানায় ফালইয়া এমন চুদাচুদমু না মাগির বাচ্চা সব ভুলে যাবি যে গানটা লিখছে সে একটা মাগির পুত বা মাগির জি মনে।।। এক কথায় বুঝাতে চায় হট বাবা মায়ের হট সন্তান####	Negative
25164	‌তিন কুও্বার(না‌স্তিক) সা‌থে একজন মানুষ পা‌রে না	Neutral
26770	maruf s একমত ✌	Positive
26056	বেশি বললেই আপনা কে জংগী বানিয়ে ফেলবে কথা কম বলায় ভাল	Negative
3498	এই ভিডিও টা বাংলা নববর্ষের জন্য একেবারে উপযুক্ত	Positive
26992	এই খানিকটা বাংলাদেশের কলঙ্ক, খানকি সানি লিয়ন হইতে চায়, চুতিয়ার মায়রে বাপ।	Negative
26484	বালমার্কা লিরিকস,এডি লেখছে কোন পাডায়? হালাগো রুচি দেখলে বমি আসে। ম্রা খা হ্লারা।	Negative
4122	নাটকটা আর একটু classic হলে ভালো হতো	Neutral
8120	সাইড স্টেইনলেস স্টিলে তৈরি, এলুমিনিয়ামে না।	Neutral
28226	এই অবৈধ সরকারের সব কাজেই ধান্দাবাজি	Negative
8631	তালাশ টিমের কাছে আমার একটি অনুরুদ, আপনারা যদি পুরপুরি ইপিসড দিতে পারতেন, তা হলে আরোও ভাল হত, ইপিসডের লাস্টের কোন সমাধান হয়না কেন,	Neutral
16198	অনেক সুন্দর নাটক দেখে খুব ভালো লাগলো	Positive
14280	ফারজানা রুপা হাসিনার দালাল	Negative
25337	জুতা মারো তালে তালে ইমরান আর সুলতানার গালে	Negative
17848	গান গোল অনেক দারুন	Positive
23231	কত যে বাল ফালাইবা	Negative
28145	ধন্যবাদ আপনাকে খুব সুন্দর ভাবে এই গুরুত্বপুর্ন কথা গুলো বলার জনেয়	Positive
25303	তরে সবার আগে জবাই করতে হবে এমরানইন্না	Negative
25549	মাহামুদা মোনাফেন	Neutral
8965	আহা ব্যবসাবুক	Neutral
27889	"অাপনাদের কি মনে অাছে PayPal এর কথা? যখন PayPal অমাদের দেশে ফ্রি সেবা দিতে চেয়েছিলো। অামাদের ""সরকার"" এর পক্ষ থেকে বলা হলো, ""PayPal"" অামাদের দেশে চালু হলে ""Money Londaring"" হবে। PayPal কে গ্রহণ করলোনা। ::: ::: সেই বুঝটা এখন বুঝলো, যখন PayPal এর ""পা"" ধরে কাঁন্না করলেও PayPal বাংলাদেশে অাসছেনা। এমন কি টাকা দিয়েও PayPal এর সেবা পেতে ব্যর্থ। অার অামাদের বুঝাচ্ছে, জুম হলো PayPal যেমন Gmail হলো Google. কে যে বববববববলললললললললদদদদ­দদদদদ হচ্ছে, সেটা-ই বলা মুশকিল।।। ::: ::: অাজ 1GB Internet 7 days, 94 টাকা এ কিনতে হতনা। Free Internet পেতাম। যখন বলা হয়েছিলো, অমাদের দেশের উপর থেকে ""সাব উপগ্রহ"" Internet Connection যাবে, অার অামাদের Free Internet দিবে। তখন বল্লাম, অামাদের Data চুরি হবে। So, No এখন, দারুণ অফার। 1 GB Internet 7 days only 94 tk. যেখানে 1GB Internet কিনতে খরজ ২ টাকার ও কম। কোটি কোটি টাকা বিদেশি Company কে দিয়ে দিচ্ছি। >> ওটা নিয়ে কি কারো মাথা ব্যাথা অছে??? মাথা ব্যাথা হলো যখন ""New Technology"" অাসে তখন। অামরা ঠিক খাই, কখন জানেন? যখন সবার খাওয়া হয়ে যায়, তখন। তখন অামরা ফালানো ""উচ্ছিষ্ঠ"" খাবার জন্য কাঁন্না কাটি করি।♪♪♪♪♪ Today's Technology টা এতটা Update যে ""Western Country"" গুলো Cryptocurrency দিয়ে তাদের লেন দেন সম্পন্ন অার অমাদের দেশে এই Technology কে ""অবৈধ"" ঘোষনা করে। খুব কষ্ট হয় যখন কিছু মার্কা ""Journalist"" যারা Cryptocurrency কে বলেলে ""শেয়ার বাজার"" অর যাদের ""জন্ম"" ই হয়েছে শুধু মাত্র ""নেতিবাচক"" মন্তব্য করার জন্য। যারা সব কিছুতে Negnegative দেখে। তাদের প্রতিবেদন দেখে। নিজেরা তো ভালো কিছুতে নেই, দালালি অার bollam na বেড়ায়। অর ৫০/= টাকায় একটা সংবাদ উল্টা করে লিখতে পারে। একটা বেকার ছেলে যখন দিন রাত পরিশ্রম করে ১০,০০০/= টাকা income করতে ""মাথা""র ঘাম ""পা"" এ ফেলে। এই সব সেটা করেনা। কিন্তু,, যখন অই ছেলাটা use করে মাসে ২৫,০০০/= ৩০,০০০/= টাকা উপার্জন করে, ঠিক তখনি অই দালাল সাংবাদিকদের চুলকানি বেড়ে যায়। অার রিপোর্ট করে, >> টাকা পাচার হচ্ছে, অমিতাপ বচ্চন লুজার হচ্ছে, cryptocurrency দিয়ে মানুষ খুন হচ্ছে, ১০ হাজার কোটি ডলারের Bitcoin চুরি। ইত্যাদি ইত্যাদি এমন সংবাদ কই যে পায় ""অাল্লাহ"" ভালো জানে। অাসলে টাকা খাবার ধান্ধা, News fuse কিছুনা। >> বিদেশি জুয়ার অাসরে কোটি কোটি টাকা পাচার হয়, বাংলাদেশ ব্যংকের রিজার্প চুরি হয়, অথচ News হয়না। এই সব সাংবাদিক দের জন্য ই PayPal, Free Internet সব হারিয়েছি। এখন with mycash পেয়েছি অার দালাল সাংবাদিকদের চুলকানি শুরু হয়েছে। Alatrol double dose দিলেও কাজ হবেনা। এদের মুগুর চালান দিতে হবে। এরা এমন অবস্থা করে ছাড়বে যে, বাংলাদেশে with mycash এর ""পা"" ধরে ও এর পর কাজের permit পাবেনা। Government পর্যায়ে অনুরোধ করছি, এটা new technology. digital currency এটা। Digital Bangladesh,cashless bangladesh বিনির্মাণে অবশ্যই Digital Currency প্রয়োজন। অামরা PayPal হারিয়েছি, Digital currenc যেন না হারাই। এমন সময় অাসবে যখন কাঁন্না করেও Digital currency এর কোন সেবা বাংলাদেশে নিয়ে অাসা সম্ভব হবেনা। ★এখনি সময়, সতর্ক হোন★ (Marketing Executive Riyad Rafi)"	Neutral
25191	ইমরান তুই মরলে ইমাম জেন না জা	Negative
26565	বালের কন্ঠ, বালের গান	Negative
26329	কান্চন সাহেব দারুন কতা বলছেন	Positive
28226	এই অবৈধ সরকারের সব কাজেই ধান্দাবাজি	Negative
28387	মুক্তিযোদ্ধারা বৈষমের হাত থেকে রক্ষা পেতে যুদ্ধ করেছিল। আর এখনও সেটাই হচ্ছে। এইটা নিয়ে রাজনীতি করার সুযোগ নাই	Neutral
25914	Rakib Hassan আরে মাদারচোদ জোংগী কাকে বলে তা কি তুই যানিশ সালা ফাজিল জফর কুত্তার বাচ্চার পা চাটা গোলাম শালা।	Negative
23858	JSC, SSC, HSC- সনদপত্র ও নম্বরপত্র এবং NID-তে- নাম ভুল সংশোধনের জন্য এবং কম খরচের নির্ভুল এফিডেভিট ও পত্রিকায় বিজ্ঞপ্তি দিন । কল করুন - 01718 80 53 81 দিগন্ত ইনফরমেশন মিডিয়ায় আপনাকে স্বাগত। আমরা দীর্ঘ ১১ বছর যাবৎ সুনামের সাথে বিভিন্ন শিক্ষা বোর্ডের ছাত্র/ছাত্রীদের জেএসসি, এসএসসি ও এইচএসসি পরীক্ষার সনদপত্রে- নিজ নাম, পিতা-মাতার নাম ও জন্ম তারিখের ভুল ও জাতীয় পরিচয়পত্র ভুল, সংশোধন করার জন্য সঠিক তথ্য, পরামর্শ, কম খরচের, নিরভুল এফিডেভিট/হলফনামা, নোটারী+অনুবাদ ও পত্রিকায় বিজ্ঞপ্তি দিয়ে থাকি। এছারা হারানো সনদপত্র/মার্কসীট,বোর্ড থেকে উত্তোলন করা, আইডি(NID) কার্ড উত্তোলন করার ব্যাপারে আমরা সহযোগীতা দিয়ে থাকি। (দেশের যে কোন প্রান্ত হতে, ঘরে বসে আমাদের মাধ্যমে যে কোন পত্রিকায় বিজ্ঞাপন দিতে পারেন,{bikash / sms,এর মাধ্যমে) ঠিকানা-237, 2nd floor BUET Market, Palashi, Dhaka-1000,(Opposite the Sonali Bank) । সহযোগীতা- বা বিস্তারিত জানতে আমাদেরকে ফোন বা ই-মেইল করতে পারেন ।	Neutral
25013	সোশের বচচা আর বচচা সোশর একই কথা	Negative
6791	অনেক দিন পর শুনলাম জোস একটা song	Positive
25224	অনেক অনেক সম্মান আপনার উপর থাকলো হেফাজত নেতা আপনি আসলেই নেতা	Positive
8696	ভাই আমি প্যারিস থেকে আপনাদেরকে ধন্যবাদ জানাই,মানুষের অজানা তথ্যদেওয়ার জন্য।।।।	Positive
17158	এমন আরো নাটক চাই	Positive
27114	এইতো জাগাত আসলে নুসরাত,,	Neutral
21447	১২ টাইপের মাইয়ার লগে লুইচ্ছা সালমান প্রেম করে রে ভাইয়া	Negative
16059	বৈশাখী ঝামাটা যহন দেখ তাম আমি পাগল হয়ে জেতাম,,, পাগলিরে আজও বোলতে পারেনি তককে	Positive
25555	আপনি বা আপনার পরিবার কি বাল ফেলেছেন??	Negative
19377	খেলা কারে কয় জাতীয় দলের প্লেয়ারদের দেখা উছিত।	Neutral
28381	বঙ্গবন্ধুর চামড়া দিয়ে ঢুগডুগি খেলবে বলে,আজ মুক্তিযুদ্ধেরর ছবক দেয়	Negative
25033	তুই ত কোরআন জানোস না তোরে হত্যা করা ফরজ বিয়াদব	Negative
22901	কি কয়	Negative
25589	আগে টিউলিপের মত যোগ্যতা অর্জন করেন তারপর তাকে নিয়ে মন্তব্য করেন। আপনাকে আমরা চিনি , আপনি হচ্ছেন সেই উত্তরা ষরযন্তের কারিগর, এত সহযে কি আপনি মানুষ হবেন মি. মাহমুদ।	Negative
25013	সোশের বচচা আর বচচা সোশর একই কথা	Negative
26005	ঠিক বলেছেন	Positive
26586	পটাকা শব্দের অর্থটা কি?? কেউ জানলে বইলেন প্লিজ।	Neutral
25953	"Liton gazi?? কি উচ্চশিক্ষায় শিক্ষিত। ওর শিক্ষা কি,, জাতি জানতে চায়। কতটুকু লেখাপরা করছে সে। কি বিষয়ে কথা বলতেছে ""ভুত এর বাচ্চা বইটি পরেছে কিনা সন্দেহ আছে। অশিক্ষিত কামলা"	Neutral
23239	সালা চোর	Negative
26336	পারফেক্ট বস	Positive
26145	মিউজিক দিয়েছেন বাল ফালাইতে?	Negative
25648	টিউলিপের মতো আবর্জনার পা ধুতে মাহমুদুর রহমানের মতো ব্যক্তিত্ব সম্পন্ন ব্যক্তি কেন যাবে ?	Negative
9464	রাফা ভাই বেশি জোস	Positive
25095	এইমহিলা মাকিৱদালাল আৱ এমৱান হল টিকাদাৱ	Negative
8284	প্রিও তুষার ভাই ।।। অনেক দিন পর আপনার কন্ঠ শুনে খুব ভাল লাগছে	Positive
9092	কি লেখবো	Neutral
26735	এটা কোন ধরনের গান?আসলে গান না অন্য কিছু?রুচিতে বাধে।।।ছিহ	Negative
25620	"Code - Uncode ""তুনি কি কখনো রাষ্ট্রবিজ্ঞান পড়িছিলি ?"" আমার কাছে এলে আমি তোমাকে ( মি. মাহমুদুর রহমান ) ফ্রি শিখাবো ।"	Negative
25748	স্যার আপনার কথাটা অনেক ভাল লাগল।আপনার জীবনি শুনে আমার হৃদয়ে প্রেরণা দিয়েছে।স্যার আপনার জন্য আমার অনেক দোয়া থাকবে।(ধন্যবাদ স্যার)	Positive
25441	দুইটা আসলেই খানকি ইমরান এইচ সরকার হচ্চে কুকুরের বাচ্চা	Negative
25013	সোশের বচচা আর বচচা সোশর একই কথা	Negative
15975	খুব সুন্দর নাটক,, ধন্যবাদ পরিচালককে	Positive
18627	আমাদের দেশের ছেলে আবাল গুলোএদের কাছ থেকে অনেক কিছু শেখার আছে আবাল গুলো কোথায় আজ	Neutral
26040	বিদেশে থেকে অনেক কিছু বলা যায় দেশে বলে নাবুজে কথা বলেছি। চাচা বাচাও।	Neutral
17647	প্রত্যেক বাবা মা 'র উচিত অবশ্যই এই নাটক টা দেখা	Positive
25067	ইমরানের মা য়েরে চুদি আর এই খানে যে দুই মাগি আছে তাদের দুই জন কে চুদি	Negative
11149	সুমি মাগি হিনদূর চোদখাস তোর দেসনিয়া বাবনা কিবাবে সটিক হবে	Negative
24549	হালার পুত তিমি একটা পাগল	Negative
27814	আপনি কি সাটেলাইট সাইন্স নিয়ে পাস?	Neutral
15997	অসাধারণ সুন্দর হয়েছে	Positive
22623	এতো সুন্দর কথা বলছেন খুব ভালো লাগছে	Positive
25268	ইমরানের গালে গালে জুতা মারে তালে বাচ্ছা কই যাওয়ার সময় পাবি না.	Negative
23050	ঐ ঘাসগুলা মনে হয় আপনারে খাওয়াছে মানে যা মাথায় আসে তাই বকে। আর দুবাইয়ে বসবাস করা ৮০% মানুষ আমেরিকা সহ অন্যান্য দেশের	Negative
7092	তোমার জন্যে নীল যে তারার একটু খানি আলো,ভোরে রঙ রাতে মিশে কালো	Positive
25571	Md Safikul Islam খুব লাগলো বুঝি!?	Negative
25373	এসব নাসতিকদের সাথে আপনার বসা ঠিক হয়নি মাওলানা সাহেব	Negative
25865	ভাই আপনার কথায় কতগুলো ইংরেজী শব্দ ব্যবহার করেছেন তা লক্ষ করছেন,,?	Neutral
27849	ভাই, সব শেষ।	Negative
24328	প্রকৃত মুক্তিযোদ্ধা	Positive
18769	আশরাফুলকে চাই।	Neutral
5590	আকাশে লিখে দিলাম মনের সব কথা,, তাহলে বুঝতে পারবে আমার মনের ব্যাথা,, বাতাসে ভালোবাসা দিলাম উড়িয়ে,, যদি ধরতে চাও তাহলে হাত দাও বাড়িয়ে ???	Neutral
27738	আমরা আরো একদাপ এগিয়ে গেলাম	Neutral
25373	এসব নাসতিকদের সাথে আপনার বসা ঠিক হয়নি মাওলানা সাহেব	Neutral
26658	Thanks to all >>200k dislike! over অভিনন্দন সবাইকে! এই অর্জন শুধু আপনার একার নয়, এই অর্জন বিশ্বে প্রতিটি মানুষের। অনেক হাড়ভাংগা পরিশ্রম করেছেন, এখন শুধু বিজয়কে বরণ করার পালা।	Positive
28440	সবাই যদি কি রেজাকার।	Negative
15490	এটা কোন ব্যপার হলো ভাই	Neutral
14963	ওরা ছাত্রলীগ না ওরা হারামীর বাচ্চা	Negative
5853	১লা বৈশাখ,	Neutral
5247	আপনি তো নাটকের মাজে মানোষ কে আজ কাল অনেক পেরা দিচ্ছেন কেনো ভাই।	Negative
19282	আমি কোন দিনো এর সমর্থন করি না। যদি পায়ে বড় ধরনের আঘাত পায়।	Neutral
22688	অবশ্যই সব উন্নয়নে ভাগ বসাবে আর ডিজিটাল নকলে ভাগ বসাবে না এটা কেমন কথা।ডিজিটাল বাঙ্গলা দেশে ডিজিটাল নকল।	Negative
25207	তাই বলছি ওদের কে আমার আল্লাহ মহান ইচ্ছা করলে এখননি আপনাদের জান বাহির করে নিতে পারে ?? এইযে ভুল তর্ক করতাছেন , তৌবা করে নিন আল্লাহর কাছে	Neutral
26466	পটাকা আবার কোন ধরনের শব্দ? এইটার মানে কি?	Neutral
24364	সাব্বাস আসিফ।	Positive
14501	পুরাই বাইনচোৎ পাগলচুদা, ঠিকমতো কথাই বলতে পারেনা সে আবার দেশের শিক্ষামন্ত্রী। পাগলচুদা বলেইতো সাংসদরা বক্তব্য দিতে দিলনা।	Neutral
25643	বলদ নি তুই আওয়ামীলীগ ভয় পাইলে এই লুক রে ই পায়,	Negative
10154	এত ভালো লাগে শুনতে!	Positive
25329	ইমরান এইচ সরকার, অপু উকিল ও সুলতানা কামালের সব গুল কুত্তার বাচ্চা ।	Negative
21359	মাহি তুমি সবসময়	Neutral
27849	ভাই, সব শেষ।	Negative
19569	hurry!!!!!! বাংলাদেশ হারছে আমি খুব খুশি।।।	Negative
10270	এখন আমি অন্য আমি হয়ে ছুটে চলি তোমারই শহরে হারিয়ে চোখের যত ঘুম ঝুম উড়ে উড়ে দুরে দুরে ঝুম মেঘে মেঘে ডানা মেলে ঝুম উড়ে ঘুরে তারে ডাকি ঝুম উড়ে উড়ে দুরে দুরে ঝুম মেঘে মেঘে ডানা মেলে ঝুম উড়ি ঘুরে তারেই খুজি আলো আধারির এ মায়ায় এই অবেলায় মন যে হারায় চেনা মেঘে ভচেনা কত পথ হঠাত কেনো থমকে দাঁড়ায় তোমার আমার ফেলে আসা যত রঙিন রঙিন স্মৃতি লুকিয়ে অবুঝ ঠিকানায় অচিনমনের অচিন কোন কোণে বন্দী আজও আমি ভুল সে পথের সীমানায় এখন আমি অন্য আমি হয়ে ছুটে চলি তোমারই শহরে হারিয়ে চোখের যত ঘুম ঝুম উড়ে উড়ে দুরে দুরে ঝুম মেঘে মেঘে ডানা মেলে ঝুম উড়ে ঘুরে তারে ডাকি ঝুম উড়ে উড়ে দুরে দুরে ঝুম মেঘে মেঘে ডানা মেলে ঝুম উড়ি ঘুরে তারেই খুজি	Positive
25240	এখানে আলেমকে আনা হয়েছে অপমান করার জন্য৷সব নাস্তিক এক হয়েছে	Negative
25648	টিউলিপের মতো আবর্জনার পা ধুতে মাহমুদুর রহমানের মতো ব্যক্তিত্ব সম্পন্ন ব্যক্তি কেন যাবে ?	Neutral
19493	ভারত জিতলে জিতে যায় সাকিব	Negative
24771	এখানে মুসলিমদের বেপার এখানে পতিতা দুই জন কেন	Negative
23633	হায়রে বাংলাদেশ, কোথায় যাবো আমরা।	Negative
26089	ইংরেজি word? এটাকে ভাষা দূষণ বলে। বুঝেছেন?	Neutral
10949	আওয়ামীলীগ মানে বেয়াদব	Negative
22845	কোন মাদারচোদরা খাবি মরার পরে জাহার নুমেও জাগা পাবিনা রে তোরা	Negative
28409	কথায় কথায় রাজাকারের বাচ্ছা বলে গালি দেয়। যাই কিছু করে জামাত শিবিরের দোষ। এটা সরকারের কি ধরনের আচরন?	Negative
25307	দেখুন তিন কুলাঙগার নাস্তি এক জনকে কুকুরের মতো কামড়াছেন	Negative
14933	অনেক বড় পলিটিসিয়ান আপনে,,,,!!মানুষকে বলদ মনে করেন,,!!মানুষ বুঝে না,,!	Negative
26411	ধন্যবাদ ইলিয়াচ কানচন ভাই	Positive
17178	গোল্ডেন জিপিএ ফাইভ কখনো একজনকে ভালো ছাত্র হিসেবে জাজ করতে পারে না।কিন্ত আমাদের পরিবার,সমাজ মেতে থাকে গোল্ডেন জিপিএ ফাইভ এর উৎসবে ।আমাদের সকলের উচিত প্রতিটি সন্তানের পাশে থাকা ।তাদের কর্মদক্ষতা সম্পর্কে অবহিত থাকা। তাদের উপর ভালো রেজাল্ট করার ভার চাপিয়ে না দেয়া।আপনার সঠিক দিক নির্দেশনা ও মোটিভেশনে পারে আপনার সন্তানের সুন্দর ভবিষ্যতের পথের দিশা দিতে।	Positive
5624	অসাধারণ একটা নাটক	Positive
22919	আসলে উপহাস করা ঠিক নয় এখন দুনিয়াতে সব কিছু উলটো হয়ে যাচ্ছে, পাপ বেচে যাচ্ছে, তাই আল্লাহর ইচ্ছে তে কত কিছু ঘটছে, আমরা বাঙ্গালী রা, গিবতটা খুব করি, এ, ভাল না, ও ভাল,।	Neutral
6475	কে কে ২০১৮ তেও শুনছো আমার মত	Neutral
23976	বাংলাদেশে উপরে ফিটফাট ভীতরে সদরঘাট। দুনিয়ার আকাম কুকাম, দুর্নীতিতে ভরা আর এল্কোহল খাইলেই জাত যায়। তাছাড়া রেস্টুরেন্ট এ খাওয়ারত বিদেশী কাস্টোমারদের জিজ্ঞাসাবাদ করার অধিকার এই প্রতিবেদক কোত্থেকে পেল??!! বা** ফেলতে আর জ্যামের মধ্যে বসে থাকার জন্য বিদেশীরা এখানে আসবে?? আমি হইলে এই ক্যামেরামেনের পাছায় দুইটা লাত্থি দিতাম।	Negative
25306	আমি সেখ হাছিনাকে বলছি আপনি ইমরান সুলতানা কামাল কে গ্রেপতার করুন নাহলে আপনি খমতা ছারুন	Negative
28094	কমেন্ট করে জেলখানায় যাই আর কি!! যা হচ্ছে ভালই হচ্ছে, যা হবে ভালই হবে। ওকে???	Neutral
17227	"ধ্যাততেরিকি বাংলা কমেডি মুভি টি দেখুন এবং চ্যানেল টি অবশ্যই ""SUBSCRIBE"" করুন"	Neutral
16259	মনে থাকবে কোনো এক বৈশাখের কথা	Neutral
6814	still listening in 2017,,,,, অদ্ভুত মাদকতা গানটায়	Positive
10949	আওয়ামীলীগ মানে বেয়াদব	Negative
25707	মুক্ত চিন্তা মানেই কি ০ ইসলামের বিরুদ্ধে কথা বা লেখাই ? ০ আর হুমায়ুন জাফর এরা কি মুক্তি যোদ্ধা ? এদের তো মুক্তিজুধদে জাওয়ার বয়স ছিল জুধদে জাওয়ার কেহ তো গেলেন না - আর তাদের মাতাই তার লিখিত বইয়ে লিখেছেন তাদের নানাকে মেরেছে মুক্তিজধদারা - তাদের বাবা তো পাকিস্তান স্রকারের পক্ষ ত্যাগ না করে জুদ্দে জান নাই ০ স্বাধীনতার আগ পর্যন্ত পাকিস্তান সরকারের গলাম ছিলেন ০ উনারা পাকিস্তান সরকারের মাহিনা খাইছেন - আর জাফর সাহেবের ইস্তির গায়ে হাত কারা দিয়েছিল ? আর নুহাশ পল্লী হল গেনি পাপিদের পতিতা লয়	Negative
28139	আমি ১০০% সিওর আপনি বিরদি দলের না হলে একটিতো ভালো গুন তুলে ধরতেন ভাই, দেশের মানুষ সব গুলো গাধা, ধন্যবাদ ভাইয়া চালিয়ে যান একদিন সফল হবেন ইনসা আল্লাহ????	Neutral
11849	দারুন লাগলো,তবে USB TYPE, C কি জানাবেন,এর কাজ কি,	Positive
26176	এই ছেলে পাগল। বিদেশে ঐ দেশের ভাষায় কথা না বলে ওখানকার লোকদের সহিত ও বাংলায় কথায় বলতে হবে পাগলামি ছাড়া আর কি ? বাংলাদেশের রাষ্টীয় ভাষা বাংলা তাই বলে ইউরোপের দেশগুলির রাষ্ট্র ভাষা কি বাংলা হতে হবে । এই সব কি ? মুসলমানরা অসভ্য অন্ধবিশ্বাসী । মোল্লারা জানে না মানুষ মরে গেলে সব শেষ ,হৃদপিন্ড বন্ধ হয়ে যাই ,রক্ত উৎপন্ন হয় না, রক্ত চলাচল হয় না আর তাই লাশের কোন অনুভূতি থাকে না । তাই কোন লাশকে কবরে দাফন করার পরে সাওয়াল জবাব হয়, লাশ কথা বলে এইসব মিথ্যা কথা, জাল কথা । ভয় ভীতি প্রদর্শন কি সন্ত্রাস বা terrorism নয় ? ইসলাম যে বলে লাশ দাফন করার পরে সাওয়াল জবাবে ফেল করলে ভয়ংকর আজাব হবে কবরে ,ইহা কি মিথ্যা ভয় ভীতি প্রদর্শন নয় ? তাই ইসলাম সন্ত্রাস বা terrorism . প্রমানিত। আরেকটি প্রমান দেখুন , মরা মানুষের রক্ত হয় না তাই রক্ত চলাচল করেন বলে পচে গলে নিশ্চহ্ন হয়ে যাই কিছুই থাকে না তাই আল্লাহ যে বলে হাশর হবে , সেইদিন হাড , আংগুলের অগ্রভাগ পর্যন্ত জোগাড় করে আবার মানুষ বানিয়ে মানুষের হৃদপিন্ড লাগিয়ে , চালু করে , জীবিত করে কবর থেকে তুলে আমলনামা হাতে দিয়ে বিচার করবে , হয় জান্নাত দিবে নয়তো জাহান্নমের আগুনে জালাবে ? এইসব কি ? যদি জাহান্নামের আগুনে জলায় মৃত মানুষকে হাড ,টার জোগাড করে আবার মানুষ করে দোজকের আগুনে জালালে সে তো পুডে আবার ছাই হয়ে যাবে ? যেই লাউ সেই কদু নয় কি ? এই যে মিথ্যা জাহান্নামের আগুনের ভয়ংকর ভয় ভীতি প্রদর্শন সন্ত্রাস বা terrorism নয় ? ইসলাম হলো সন্ত্রাস বা terrorism । ভয়ংকর ভয় ভীতি প্রদর্শন করে ঈমান বা বিশ্বাস অর্জনই ইসলাম। মিথ্যা বলবেন না ? কুরআন যে মিথ্যা শুধু সুরা ইনফিতরের (৮২) ১,২,৩,,৪,৫ আয়াত গুলি পড়েন । ১) আকাশ ভেঙ্গে যাবে। আকাশ কি ভাংগার জিনিস ভেঙ্গে যাবে ? আল্লাহ কিছুই জানে না ,সৃষ্টি কর্তা নয় । তাই কুরানে মিথ্যা কথা বলেছে। আকাশ মহাশুন্য যাতে গ্যাস থাকে যাহা ভাংগার জিনিস নয়। ২) তারা গুলি মাটিতে পরবে । তারা কি জমিনে পরতে পারে ? আল্লাহ সৃষ্টি কর্তা নয় তাই তারা কি জিনিস জানে না ।তারা সূর্যের ছেয়ে বড আলো যাহা জমিনে পরতে পারে না তাই আল্লাহ কুরানে তারা গুলি পরার মিথ্যা গল্প বলেছে। কুরআনে আল্লাহ মিথ্যা কথা বলে নাই ? তাই কুরআন মিথ্যা গ্রন্থ । আল্লাহ একজন বিশ্ব প্রতারক।অনেক অনেক প্রমান কুরআনের আছে । বলব। আস্তে।তাই মোল্লারা ও সন্ত্রাসী হয়েছে শহীদ হয়ে চিরকাল ৪০ টি হুরপরীর সহিত সেক্স করার জন্য ।ছি: হে চরিত্রহীন অন্ধবিশ্বাসী মোল্লাগন ও তাদের সন্ত্রসী অনুসারীরা তোমরা মানুষ নও । তোমরা খুনি ।নিজের বিচার নিজে করো আগে , কুরআন মিথ্যা নয় কি?	Positive
6294	ভয়ঙ্কর সুন্দর বলে যা থাকে। তাই	Positive
28248	শালার পুতরে লজ্জা দিয়ে পয়দা করেনাই।	Negative
11394	Yellow Pepoles কে ভাই	Neutral
28353	রাজাকার রা জে মুক্তিযোদ্ধার সর্টিফফিকেট নিযে় বসে আছে ওইটা দেখেনা মতিয়া চৌধুরী ?ওরা কি ওর বাপ লাগে ?	Negative
21984	ভাল ছিলো	Positive
5115	এটা কি হইল শেষে???আমার কান্না আসতেছে	Negative
28212	সাধারন মানুষের গলা কাটার মত অবস্থা,,,,	Negative
25563	এই হালা পাগল	Negative
26967	নুসরাত কে বাংলাদেশ থেকে ভাগানো হক আমারা চাই	Negative
22722	এই গরুটা আমিই হইতাম বাল	Negative
25033	তুই ত কোরআন জানোস না তোরে হত্যা করা ফরজ বিয়াদব	Negative
2653	অসাধারন ভাই।আপনি ব্রিলিয়ান্ট,টেলেন্টেড।বস।	Positive
25109	এমরান একটা জারোজ সুলতানাকামাল একটা মাগি শাথে আর একটা খানকি	Negative
25217	ঐ খানকির পুলাড়া কি অনুষ্ঠান বানাচ মাদারচোদ,, ইমাম একজন নিচো কেন পারলে সমান সমান লোক নিতা, ৪ মাদারচোদ মিলে একজনকে ডাবাও,	Negative
8082	ছোটন কাকা দেখতেছি এখন সবখানে বিচরন	Neutral
25028	তিনটি কুতার বাচা জদি একটা মানুসকে তারা করে সে কোনো দিন পারেনা	Negative
14059	পুলিশের অবহেলা এর মুল কারন।	Negative
15997	অসাধারণ সুন্দর হয়েছে	Positive
5177	সত্যিই এইরকম নাটকগুলোই হৃদয়ে দাগ কেটে যায়। অনেক সুন্দর love	Positive
25248	ইমরানকে জুতা মার মুখে	Negative
25571	Md Safikul Islam খুব লাগলো বুঝি!?	Neutral
20206	Arman Rahman তোর মা international rendy তোদের মীরজাফরের বংশ কাটা বিচি নিয়ে বেশি বাল ছিড়িস না দেখলি তো কি অবস্থা হয়েছে	Negative
11367	শমী কাওয়া ফাজলামি চুদাও?? বাল উঠেনি এখনো?	Negative
26572	গত রমজানের মত নুসরাত পাদিয়া এবারও,,,,এসব শুরু করল।	Neutral
25174	সুলতানা কামাল তর মাং ফাইরা লবন লাগামু।খানকির জি	Negative
25418	ইমরান অার কুকুরের মধ্যে কোন পার্থক্য অাছে কিনা সেটা অামার সন্দেহ হচ্ছে	Negative
25027	তিনটি কুতা চিলাচিলি করে বেসি। একটু থামান পিলিচ।এখানে টকসো হয়।রামরাম পুজো হয়না।তোর মায়রে চুদা তুই জরমো নিছোচ।মাদার চোদ।রাম চোদ রাম কম কর।তুই মরলে মনদিরে তোরে পোরানো হবে।মোললা দিয়ে জানাজা হবেনা	Negative
25499	md bilal তোমায় মায়রে কি ধর্ষন করছে নাকি	Negative
26040	বিদেশে থেকে অনেক কিছু বলা যায় দেশে বলে নাবুজে কথা বলেছি। চাচা বাচাও।	Neutral
25287	শালা জারজ তুইকি জানিস তর বাবা কে,,, তর মা ও জানেনা তুই কি করে জানবি ?? আর তুই বড় বড় কথা বলিস।।।	Negative
26638	পাঠির পাঠির ঘরে পাঠি তরে পেটে ধরছে কোন বেটি	Negative
24808	হিন্দুদের দালাল	Negative
26176	এই ছেলে পাগল। বিদেশে ঐ দেশের ভাষায় কথা না বলে ওখানকার লোকদের সহিত ও বাংলায় কথায় বলতে হবে পাগলামি ছাড়া আর কি ? বাংলাদেশের রাষ্টীয় ভাষা বাংলা তাই বলে ইউরোপের দেশগুলির রাষ্ট্র ভাষা কি বাংলা হতে হবে । এই সব কি ? মুসলমানরা অসভ্য অন্ধবিশ্বাসী । মোল্লারা জানে না মানুষ মরে গেলে সব শেষ ,হৃদপিন্ড বন্ধ হয়ে যাই ,রক্ত উৎপন্ন হয় না, রক্ত চলাচল হয় না আর তাই লাশের কোন অনুভূতি থাকে না । তাই কোন লাশকে কবরে দাফন করার পরে সাওয়াল জবাব হয়, লাশ কথা বলে এইসব মিথ্যা কথা, জাল কথা । ভয় ভীতি প্রদর্শন কি সন্ত্রাস বা terrorism নয় ? ইসলাম যে বলে লাশ দাফন করার পরে সাওয়াল জবাবে ফেল করলে ভয়ংকর আজাব হবে কবরে ,ইহা কি মিথ্যা ভয় ভীতি প্রদর্শন নয় ? তাই ইসলাম সন্ত্রাস বা terrorism . প্রমানিত। আরেকটি প্রমান দেখুন , মরা মানুষের রক্ত হয় না তাই রক্ত চলাচল করেন বলে পচে গলে নিশ্চহ্ন হয়ে যাই কিছুই থাকে না তাই আল্লাহ যে বলে হাশর হবে , সেইদিন হাড , আংগুলের অগ্রভাগ পর্যন্ত জোগাড় করে আবার মানুষ বানিয়ে মানুষের হৃদপিন্ড লাগিয়ে , চালু করে , জীবিত করে কবর থেকে তুলে আমলনামা হাতে দিয়ে বিচার করবে , হয় জান্নাত দিবে নয়তো জাহান্নমের আগুনে জালাবে ? এইসব কি ? যদি জাহান্নামের আগুনে জলায় মৃত মানুষকে হাড ,টার জোগাড করে আবার মানুষ করে দোজকের আগুনে জালালে সে তো পুডে আবার ছাই হয়ে যাবে ? যেই লাউ সেই কদু নয় কি ? এই যে মিথ্যা জাহান্নামের আগুনের ভয়ংকর ভয় ভীতি প্রদর্শন সন্ত্রাস বা terrorism নয় ? ইসলাম হলো সন্ত্রাস বা terrorism । ভয়ংকর ভয় ভীতি প্রদর্শন করে ঈমান বা বিশ্বাস অর্জনই ইসলাম। মিথ্যা বলবেন না ? কুরআন যে মিথ্যা শুধু সুরা ইনফিতরের (৮২) ১,২,৩,,৪,৫ আয়াত গুলি পড়েন । ১) আকাশ ভেঙ্গে যাবে। আকাশ কি ভাংগার জিনিস ভেঙ্গে যাবে ? আল্লাহ কিছুই জানে না ,সৃষ্টি কর্তা নয় । তাই কুরানে মিথ্যা কথা বলেছে। আকাশ মহাশুন্য যাতে গ্যাস থাকে যাহা ভাংগার জিনিস নয়। ২) তারা গুলি মাটিতে পরবে । তারা কি জমিনে পরতে পারে ? আল্লাহ সৃষ্টি কর্তা নয় তাই তারা কি জিনিস জানে না ।তারা সূর্যের ছেয়ে বড আলো যাহা জমিনে পরতে পারে না তাই আল্লাহ কুরানে তারা গুলি পরার মিথ্যা গল্প বলেছে। কুরআনে আল্লাহ মিথ্যা কথা বলে নাই ? তাই কুরআন মিথ্যা গ্রন্থ । আল্লাহ একজন বিশ্ব প্রতারক।অনেক অনেক প্রমান কুরআনের আছে । বলব। আস্তে।তাই মোল্লারা ও সন্ত্রাসী হয়েছে শহীদ হয়ে চিরকাল ৪০ টি হুরপরীর সহিত সেক্স করার জন্য ।ছি: হে চরিত্রহীন অন্ধবিশ্বাসী মোল্লাগন ও তাদের সন্ত্রসী অনুসারীরা তোমরা মানুষ নও । তোমরা খুনি ।নিজের বিচার নিজে করো আগে , কুরআন মিথ্যা নয় কি?	Neutral
26467	মদ কেনার টাকা নাই। তাই নুসরাত পাদিয়ার 'পটাকা' গান শুনে মাতলামি শুরু করছি! :)	Negative
24650	স্যার,একদম সঠিক কথা বলছেন।	Positive
6457	এতো সুন্দর হয় কিভাবে একটা গান ? যতবার শুনেছি এক জীবনে তত কদম হাটলে চাঁদে চলে যেতাম শিওর । দ্যাট সং মেক মি আ গ্রেট ফ্যান অব অর্ণব সিন্স টু থাউজেন্ড সেভেন । পুরনো হবে না রুদ্র মুহাম্মদ শহীদুল্লার ভালো আছি ভালো থেকোর মতই :) আর ডিজলাইক দেয়া পাবলিকগুলোকে দয়া করে কেউ প্রান গোপাল দত্তের কাছে পাঠিয়ে দিয়েন	Positive
5664	তুই তুকারি টা সংলাপে অতিরিক্ত হয়ে গেছে	Negative
25167	ইমরান এ শালা তো পাকা নাস্তিক	Negative
25075	কি দারুন তিনজন বনাম একজন। তিন শুয়োরের সাথে এক মুসলিমকে কামড়ানোর আয়োজন । উপস্থাপক আরেকটা কুত্তা	Negative
27807	আমি মনে করি যে টাকা স্যাটেলায়ি তৈরি করছে টাকা গুলা নষ্ট বাংলাদেশের মানুষ যদি বিড়ি কিনে খেতো টাকা গুলো দিয়ে তাও কাছে আসতো	Negative
26992	এই খানিকটা বাংলাদেশের কলঙ্ক, খানকি সানি লিয়ন হইতে চায়, চুতিয়ার মায়রে বাপ।	Negative
23723	সৃষ্টিকর্তার আজাব এখনও পড়ে না কেন এই দেশে!!!!	Negative
25791	একজন শিক্ষিত মানুষ কখনো অন্ধ বিশ্বাসে বিশ্বাস রাখতে পারেনা।	Neutral
28066	ভাইয়া খুশি হুননি মনে হয়!	Negative
24958	খানকির মতো কথা,,,ইমরান তুই তো একটা জারজ	Negative
8808	আশা করছি সবাই এই ভিডিওটি ফেইজবুকে শেয়ার করবেন। ও ফেজবুক ব্যাবহার করে চাঁদাবাজি করছে আমরা সেই ফেইজবুক ব্যাবহার করবো সত্য প্রকাশের জন্য।	Neutral
6689	যত শুনি ততো ভালো লাগে।	Positive
27009	মাল একখান,,,,	Positive
25416	একজনের সাথে তিন জন এটা কি হলো	Neutral
19282	আমি কোন দিনো এর সমর্থন করি না। যদি পায়ে বড় ধরনের আঘাত পায়।	Negative
25497	যারা আওয়ামীলীগকে ভোট দিবে তারা জাতীয় বেইমান,,, ছাএলীগ নব্য রাজাকার,,উন্নয়নের নামে ব্যাংক খালি করে বিদেশে টাকা পাচার,,এদেশে ফেরেশতাও পরপর তিনবার ক্ষমতায় যেতে পারবে না ,,জনগন মেনে নিবে না,,,,	Negative
25027	তিনটি কুতা চিলাচিলি করে বেসি। একটু থামান পিলিচ।এখানে টকসো হয়।রামরাম পুজো হয়না।তোর মায়রে চুদা তুই জরমো নিছোচ।মাদার চোদ।রাম চোদ রাম কম কর।তুই মরলে মনদিরে তোরে পোরানো হবে।মোললা দিয়ে জানাজা হবেনা	Negative
26769	CMV খারাপ	Negative
26371	কিশোরগঞ্জ বলে কথা,	Neutral
25322	এরক তিন নাস্তিক কে দুতা মারার দরখার	Negative
23225	পুলিশ ভাইয়ের নতূন দান্দা হবে ভালই	Negative
4611	নাটকের পরিচালক কাহিনীকারদের মাথায় গ্রেট প্রব্লেম।।। বড় ছেলে হিট হয়েছে বলে সব কিছুই ঐ ধাচের করা লাগবে	Negative
9102	Md Jahidsany আর লাখ লাখ মেম্বার দের ব্যান দিসে গ্রুপ থেকে। ব্যান দেওয়া মানেই ভয় পাইসে আর নিজের দোষ শিকার করসে। নাহলে সরাসরি পোস্ট দিয়া অশিকার করতো মিথ্যা হলে	Negative
16324	আরে ভাই সায়েন্স আর আর্টস এর ছেলে মেয়েরা প্রেম করলেই হবে আমাদের কাছে আসতে হবে টাকা ছাড়া সবকিছুই অচল। আমাদের(Commerce) খেলা টাকা নিয়ে, এ খেলায় তাদের অংশগ্রহন করতে হবেই।	Neutral
28425	মতিয়া চৌধুরি মুক্তি যুদ্ধা করিনি?	Neutral
25498	এই হিন্দুর সালার বউকে যদি ছাত্রলীগের পোলাপাইনরা,তারই সামনে ধর্ষন করত,তা হলে ভালো ছিলো	Negative
24869	তিন পাগল কে জুতা দিয়ে পিটা দরকার	Negative
26580	নুসরাত ফারিয়ার দালাল রা সক্রিয় হয়েছে।এরাই ফেক একাউন্ট খুলে ১৬ হাজার লাইক দিয়েছে। কিন্তু সত্যের জয় হবেই।আনলাইক কখনোই লাইক এর কাছে পরাজিত হবে না।এত আনলাইক দেখে যারা ইচ্ছে মত গান বানিয়ে লেংটা নাচ দেখিয়ে আমাদের দেশের মানুষ কে কষ্ট দেয়,সংগীত কে নিচে নামায়,সংগীত শিল্পী দের যুগের পর যুগ সাধনা কে অস্বীকার করার সুযোগ দেয়,একরাতের ভিতর সংগীত শিল্পি বনে যায়,তাদের জন্য এটা মহা শিক্ষা।তারা যেন ভবিষ্যতে এমন করার দুঃসাহস ও না দেখায়,সেটাই হউক আমাদের সকল প্রতিবাত ও ডিসলাইকের মূল লক্ষ্য।ধন্যবাদ।	Negative
17107	আপনার সুন্দর মন্তব্যটির জন্য আন্তরিক ধন্যবাদ :D অনেকেই আপনার সাথে একমত।	Positive
25441	দুইটা আসলেই খানকি ইমরান এইচ সরকার হচ্চে কুকুরের বাচ্চা	Negative
25717	ভাল লাগল স্যার	Positive
23255	পদ্দা সেতুর কাজের আগ্রগতি দেখে আমি মুগধ। তাই আগ্রগতি আব্বাহত রাখতে।শেখ হাসিনাকে বার বার ভোট দেওয়া দরকার।	Negative
26371	কিশোরগঞ্জ বলে কথা,	Neutral
19239	ওয়াও, ব্রাজিল টীম থেকেও ভালো খেলেছে	Positive
25044	ইমরান মাদার চুদ বিনপি আইলে তোর রগ কাডবো মনে রাখিস।	Negative
27785	ভাই আপনার কথা অনেক যুক্তি আছে ধন্যবাদ	Positive
25481	Shoeb Ahmed ভাই,আপনে আপনার নামবার টা দেন আমরা একে অপরের সাথে কথা বলি আপনে আমাকে বুজাতে পারলে বালে কথা	Neutral
26965	আমি একটা গান পরবেন সবাই নুসারট ফারিয়া আমার কমরটা দিলাইয়া তরে আর তর মারে বিসানায় ফালইয়া এমন চুদাচুদমু না মাগির বাচ্চা সব ভুলে যাবি যে গানটা লিখছে সে একটা মাগির পুত বা মাগির জি মনে।।। এক কথায় বুঝাতে চায় হট বাবা মায়ের হট সন্তান####	Negative
25336	ভাই সবাইতো ভিডিওটা দেখচেন।এখন আপনারা কি বুজতে পারচেন এদের মধ্যে তিন জন লোক একে বারেই গেন হীন মানুষ এবং নাস্তিক	Neutral
15368	মরনের টিকেট কিনে নিজের হাতে মৃত্যু ডেকে আনে ওরা কিন্তু ওরা নিজেরাই জানেনা কতটা ভয়াবহ রুপ নিবে এই সকল পন্য	Neutral
28170	সুন্দর কথা এই আমার সোনার বাংলাদেশ। মানুষ মরে খাওয়া অভাবে আর তুমি (সরকার) স্যাটেলাইট পাঠাও দেখার আছে কি পাও তুমি এটা দিয়া	Neutral
18863	বালের ফুল	Negative
25651	তোমার মুজিব বাপের থেকে শুরু করে তার শেষ বংশধরের কেউই মাহমুদুর রহমানের মতো ব্যক্তিত্বের নিকটবর্তী হওয়ার যোগ্যতা রাখে ?	Positive
18000	সুশীল কর্মকার of course	Neutral
25365	আমি সত্যি গরবো বোদ করি।একজন আলেম হিসাবে যে ভাবে বলার দরকার সেই ভাবেই কথা গুলি বলছেন।সেলুট মাওলানা সাহেব।	Positive
18003	বাল করিস তোরা।তোদের বিপিএল নিষিদ্ধ করা উচিৎ। এত নিম্নমানের টুর্নামেন্ট তোরা করিস কেন?	Negative
28105	সত্যি কথা বলতে এটাই কিছু একটা গণ্ডগোল তো নাহয় এত টাকার লেনদেন কোনো মুখের কথা আর বাংলাদেশ সরকারের কাছে কি টাকার অভাব পড়ছে যে লোন নিতে কোন দেশরে স্যাটেলাইট ভাড়া বাংলাদেশ ছাড়া বাকি সব দেশ অনেকে আগেই নিজস্ব স্যাটেলাইট এ আসছে ডিজিটাল দেশ দেশরে লোনের মুখে রেখে ডিজিটাল বানিয়ে লাভ পারছেনা এমন মানুষ গুলো সরকারের চোখে পড়েনা	Neutral
15260	দাম কত ?	Neutral
28212	সাধারন মানুষের গলা কাটার মত অবস্থা,,,,	Negative
16550	নিশো আসলে তুমি রিয়েল বস	Positive
25643	বলদ নি তুই আওয়ামীলীগ ভয় পাইলে এই লুক রে ই পায়,	Negative
26867	ভাল্লাগছে।	Positive
27418	ভাইয়া একটা রিভিউ দেন দুইটার	Neutral
16259	মনে থাকবে কোনো এক বৈশাখের কথা	Positive
11786	আন্দালিনের উচিত আন্দোলনে অংশ নিয়ে রাস্তায় স্পিকার নিয়ে এই কথাহুলো বললে সবাই জানতে পারবে।	Neutral
23553	প্রাইভেটের ব্যাপারে আপনাদের এত এলার্জি কেন ???	Negative
25446	৩ তিন জন ঘান কির বাচছা এবং নাসতি	Neutral
25118	সুলতানা কামাল আপনি এত বাচাল কেন?	Negative
18792	আশরাফুল ভাইকে দলে চাই।	Neutral
23535	এই গাধার বাচ্চা তোর পরিচয় অার বংশ পরিচয় নিয়া সন্দেহ হয়। জাতীয় বিশ্ববিদ্যালয় কি তোরে পুটকি মারছে?? পাবলিকের পরেই, অাল্পের জন্য বাদ পড়া মেধাবীরা জাতীয় তে পড়ে। দেখিস না প্রতিবছর জাতীয় থেকে বিসিএস পায়, ৩৬ তম তে ১৩ তম জাতীয় থেকে। ঢাকা, কবি নজরুল, তীতুমীর, কারমাইকেল, ভিক্টোরীয়া, এম সি, সিটি সহ দেশের নাম করা কলেজ গুলা কি খারাপ নাকি?? অসভ্য মুর্খ। মনে তো হয় না তোর কোন নিজস্ব পরিচয় অাছে।	Negative
20001	মরলেও লরাই করে মরছি	Positive
17563	নাটকের মধ্যে গানটা গাইছে কোন ছাগলের	Negative
25931	জাফর নাস্তিক মাদারচুদকে আগুনে পুরে মারার দরকার,	Negative
25614	মাহমুদুর রহমান ধন্যবাদ ভাই	Positive
6414	ভাই violin কে বাজাইছে?? চরম	Positive
24808	হিন্দুদের দালাল	Negative
25677	মাহমুদূর রহমানের কথা তুই কি জন্য শুনচত তুই হইলে এক নামবার গরু ছাগল,	Negative
2328	অসাধারণ	Positive
2808	ভাই আপনি থামেন।হাসতে হাসতে পেট বেথা হয়ে গেছে।	Positive
3051	creativity দিয়ে নিজের দেশকে তুলে ধরুন,বিশ্বের কাছে পরিচয় করিয়ে দিন দেশকে নতুন ভাবে।আর আপনারা কি আসলেই বাংলাদেশের??সন্দেহ হয়	Negative
4029	বাজে	Negative
4470	শেষের দৃশ্যটা অসাধারণ ছিলো :)	Positive
4488	ভাই অপূর্ব তোকে বুঝতে হবে কুকুরের পেটে ঘি হজম হয় না	Neutral
4520	আচ্ছা আপনারা যারা writer আছেন তারা কি চান যে viewers দের নাটকের শেষে কাদতেই হবে। না হলে সফল হবেন না। Happy ending হলে দোষ কি??????	Negative
5115	এটা কি হইল শেষে???আমার কান্না আসতেছে	Neutral
5310	ডাইরেক্টরদের মাথায় দোষ আছে, নায়ক না মরলে শান্তি নাই তাদের।	Negative
5709	ইদানীং অপুর্ব ভাই খুব বেশি বেকার হয়ে	Negative
5779	ভাল লাগার একটি নাটক।।।	Positive
6895	কেন জানি না!!!!!!!! গানটা এতো ভালো লাগে। সবসময় শুনতে ভালো লাগে।	Positive
7264	মনের সাথে কেনো জানি মিলে যায়	Positive
7920	ভাই google pixle 2 রিভিউ করবেন না??	Neutral
8326	GALAXI S8 অনেক ভালো,,iphone x থেকে✌✌✌,,	Positive
8792	এরোকম আপরাধীদের কে দরিয়ে dan	Positive
8834	ভাই ওর বড় শাস্তি চাই	Neutral
9396	জানি ভাল হবে, আগে লাইক দিলাম All The Best Talash	Positive
10284	অ সাধারন একটি গান যত সুনি ততো সুন্তে ভাল লাগে	Positive
10822	মিনারের কারণেই হিন্দি গান ছেড়েছি আমি ।	Positive
10828	করলাম জলদি করে কাতার থেকে আছি সব সময়	Neutral
11040	নবণীতার উগ্রপ্রশ্নবাণ শালীন নয় । সঞ্চালক কে অনেক ধৈর্যশীল হতে হয় । অথচ নবণীতা যেভাবে কথা বলে মনে হয় তার সাথে ঝগড়া আছে । প্রশ্ন ভদ্রতার সহিত করা যায় উত্তেজিত হয়ে নয় ।	Negative
11138	সুমি_ তুইযে একটা পতিতা মেয়ে সেটা ভুলে গ্যছোদ।	Negative
11487	আসল কথাটাই কেউ বলল না, ৪৬ বছর ধরে এদেশের ৩০% নিয়োগ মুক্তিযোদ্ধারা পেয়েছে। বছরে ১০০০০ হলেও ৩ লাখ পাওয়ার কথা, অথচ গ্যাজেটে এসেছে ৬৮ হাজার মুক্তিযোদ্ধা।	Neutral
11593	হিন্দু চুদা খাওয়া মাগী,	Negative
14209	মমননরাাচহকসািডডডেনকগততনর	Neutral
14325	জনগনের সামনে কমা চাইতে হবে এবং জুতার মালা গলা দিয়ে খমা চাইতে হবে	Negative
14834	আমি মনে করি শেখ হাসিনার সরকার ক্ষমতায় থাকলে বাংলাদেশ অনেক উন্নত হবে।	Positive
14887	ছাএলীগের সাথে সাধারন শিহ্মার্তি যায় না!!!!!!!	Negative
15088	জাকির শুদ্ধভাবে কথায় বলতে পারে না।	Negative
15368	মরনের টিকেট কিনে নিজের হাতে মৃত্যু ডেকে আনে ওরা কিন্তু ওরা নিজেরাই জানেনা কতটা ভয়াবহ রুপ নিবে এই সকল পন্য	Negative
15385	গুলি করে মারতো,, ভেজাল কমে গেলো	Negative
15385	গুলি করে মারতো,, ভেজাল কমে গেলো	Neutral
15434	এগুলো তুলে ধরেন ভালো কতা কিন্তু প্রতি রোধ করেন না কেনো?	Neutral
15527	সত্যিই অসাধারন, ছুঁয়ে গেল মন।	Positive
15623	প্রতিটা মুহূর্তে প্রেমে পড়েই গেছি আমি।অসাধারণ একটা নাটক দেখলাম। আর নিশো ভাই তো	Positive
15865	নিশু ভাই, আপনি এত ভালো অভিনয় করেন কি করে !!! খুবই ভালো একটা নাটক ।	Positive
16715	List 10 মিনিট মোটেও ভালো লাগি নি ।	Negative
18095	আরে ভাই ভার আমাদের বন্দ্বু নয়,শত্রু,	Negative
18623	বাংলাদেশ জাতীয় পুরুষ দলেও এরকম দক্ষতা কখনো দেখিনি। বয়সভিত্তিক মেয়ে দলগুলো ১০০ ভাগ বেশী ভাল খেলে জাতীয় পুরুষ দল থেকে। আশা করি, সুযোগ গুলো গোলে পরিণত করার দক্ষতা অনেকাংশে বৃদ্ধি করবে খুব দ্রুত।	Positive
18738	আমরা অল বাং গালি আবার দেখতে চাই	Positive
18945	বাংলার বাঘকে ফেরত চাই	Neutral
19747	হাসির পরে কান্না আসে সুখের পর দুখ এটাই জগৎতের নিয়ম আমি বাংলাদেশকে ভালবাসি তবে বাংলাদেশের অহংকারকে নয় বাংলাদেশ ফাইনালের ডান্চটা আগেই দিয়ে দিয়েছে তাই ফাইনালে আর ডান্চটা হল না তারা একটা কথা ভুলে গিয়েছিল যে এই দিন দিন নয় আরো দিন আছে সেই দিন নিয়ে যাবে কোন দিনের কাছে।	Positive
20511	Shah Alam ভাই একদম ঠিক বলসেন,হাঁইটা হাঁইটা রান নেয়,,,,,	Neutral
21527	নিন্দুক রবীন্দ্রনাথ ঠাকুর নিন্দুকেরে বাসি আমি সবার চেয়ে ভাল, যুগ জনমের বন্ধু আমার আঁধার ঘরের আঁলো। সবাই মোরে ছাড়তে পারে, বন্ধু যারা আছে, নিন্দুক সে ছায়ার মত থাকবে পাছে পাছে। বিশ্বজনে নিঃস্ব করে পবিত্রতা আনে, সাধক জনে নিস্তারিতে তার মত কে জানে? বিনামূল্যে ময়লা ধুয়ে করে পরিষ্কার, বিশ্বমাঝে এমন দয়াল মিলবে কোথা আর? নিন্দুকে সে বেঁচে থাকুক বিশ্ব হিতের তরে; আমার আশা পূর্ণ হবে তাহার কৃপা ভরে।	Neutral
21631	পুরোনো জিনিস দেখি	Neutral
21984	ভাল ছিলো	Positive
22682	এই মাএ | আৱ শত শত উপাৱ জানি আমৱা মানে ছাএ বা ছাএি	Neutral
23187	সবার আগে ভি ভি আই পি কমাতে হবে ভি আই পিরা হুট করে যেখান সেখানে গাড়ী ডুকিয়ে রাস্তা জ্যাম করে ফেলে	Neutral
23187	সবার আগে ভি ভি আই পি কমাতে হবে ভি আই পিরা হুট করে যেখান সেখানে গাড়ী ডুকিয়ে রাস্তা জ্যাম করে ফেলে	Negative
23515	সাংবাদিক ভাই হাঁপাতে হাঁপাতে বিশাল যে সব খবর শোনালেন তা আগে থেকেই বাজারে চাউর ছিল । নতুন কছুই নয় ( অথচ নতুন কিছু শোনার প্রত্যাশায় আধাঘণ্টা ঠায় বসেছিলাম । কেউ অনুরোধ করেনি , বোকারা চিরকাল যা করে আর কি ) । ব্যাঙের ছাতার মত গজিয়ে ওঠা শত শত বেসরকারী বিশ্ববিদ্যালয় , ব্যাংক আর টেলিভিশন চ্যানেলে দেশ সয়লাব হয়ে গেছে । কে কি করছে সেসবের কোন জবাবদিহিতা নাই । এ অবস্থায় প্রতিটি নাগরিককে জেনে বুঝে পা বাড়াতে হবে । সাংবাদিক ভাইকে বলবো , দয়া করে টি ভি ক্যামেরার সামনে শ্বাস-প্রশ্বাস নিয়ন্ত্রনে রাখার কৌশলটা রপ্ত করে নিন । তাহলে উপস্থাপনা দৃষ্টিকটু লাগবে না । টি ভি চ্যানেলগুলোর প্রতি অনুরোধ , চালুনীর একটি ছিদ্র আবিষ্কার করে ইউরেকা' 'ইউরেকা' বলে পাড়া মাত করবেন না । এতে আমাদের ক্ষতির সম্ভাবনা ষোল আনা ( বাকী ছদ্রগুলো যথাস্থানে রেখেই এসব ফের আমাদের সামনে হাজির করা হবে । নিরীহ মানুশকে বিভ্রান্ত করা হবে ) । সবাইকে ধন্যবাদ । বাংলাদেশ এগিয়ে চলুক , দূর্বার ।	Negative
23595	razwan siam এই কারণে পড়া বানানটাও বেটা শুদ্ধ করে লিখতে পারস না।আরে বেটা পাবলিক বানানটা আলাদা হবে,সংযুক্ত হবে না।এইবার তো বুঝলি তোদের জায়গা পাবলিক বিশ্ববিদ্যালয়ে কেন হয়না।আবাল ঘরের আবাল।	Negative
23890	এই সব চ্যানেলের বাইনচোদ রা এসব হোটেলের মালিকদের কাছে টাকা চায় আর টাকা না দিলে এসব বাল ছাল ইনায়ে বিনায়ে নিউজ বানায়। যে হালায় বানায় সে নিজে ও মদ খায় এবং সে রাতে টাকার অভাবে মাগি না চুদে নিজে মা কে চুদে। সব কিছু নিয়েই মাদার চুদ দের মাথা ব্যাথা। দেশে কত বড় বড় ক্রাইম হয় জানস বাইনচোদরা। সেগুলা তুলে ধর। তরা বাইরে গিয়া মাগি চুদার যোগ্যতা রাখস না বলে হাতের কাছের নিজের বোনরে চুদস। কত টাকা চাইসিলি রেস্টুরেন্টের মালিকদের কাছ তদের মত চুদনা দের ত ওরা চুদে না পুটি মাছের	Negative
24215	দেশে মানুষ ভাত পায়না বিদেশিরা কুব মজায় আছে	Negative
24283	সরকার এদের কিছুই বল বেনা	Negative
24539	আমার বিশ্বাস, মুক্তি যোদ্ধা কোটা বাতিল হলে মুক্তি যুদ্ধের সনদ নেবার জন্য কেউ দুর্নীতি করবে না	Positive
24820	কুকুরের বাচ্চারা	Negative
25047	আরে ভাই ইমরানের গায়ে রাজাকারের রক্ত	Negative
25050	তিন নাসতিক এক আলেম।	Neutral
25050	তিন নাসতিক এক আলেম।	Negative
25097	দুই জন হিন্দু আছে ওরা তো এমনিতেই ইসলামের বিপক্ষে আর কি বলা লাগবে	Neutral
25164	‌তিন কুও্বার(না‌স্তিক) সা‌থে একজন মানুষ পা‌রে না	Neutral
25173	আরে টুকাই,,,মুফতি সাহেবের কথা শোন	Neutral
25211	আর ওদের বাঁচতে হলে আল্লাহর কালাম যাদের মধ্যে আছে তাদের দরকার	Neutral
25261	দুুই রেন্ডি ও জারস ইমরান এর মুখে প্রসাব কর।	Negative
25267	নাস্তিকরা কিসের জন্যে এত খুশি?	Neutral
25298	উপস্থাপক কে ধন্যবাদ।	Positive
25301	তিন মালাউন এক সাথে । মাথায় কাপড় নাই । ।	Negative
25335	ইমরান এইচ সরকার কুকুরের চোদার মানুষ, তার জন্মের কোন ঠিক নেই, কুতার বাচ্চা তরে গরুর মত জবাই দিমু, ইসলাম নিয়ে বিরধীতা করে, তর শরীলের মাংস, কুকুর আর শিহাল দিয়ে কাবাব বানিয়ে খায়াব। তুই একটা জারক জারক জারক, তুই একটা কুকিরের চেয়ে জারক।	Negative
25336	ভাই সবাইতো ভিডিওটা দেখচেন।এখন আপনারা কি বুজতে পারচেন এদের মধ্যে তিন জন লোক একে বারেই গেন হীন মানুষ এবং নাস্তিক	Negative
25336	ভাই সবাইতো ভিডিওটা দেখচেন।এখন আপনারা কি বুজতে পারচেন এদের মধ্যে তিন জন লোক একে বারেই গেন হীন মানুষ এবং নাস্তিক	Negative
25337	জুতা মারো তালে তালে ইমরান আর সুলতানার গালে	Negative
25349	ইমরান তুর গালে জুতা মারি	Negative
25362	ইমরান কত আর চামচামি করবি	Negative
25370	ভাই আলেম।।সইতানদের সাতে কতা বলেন না।।এদের বিচার আল্লাহু কাচে ছাড়ে দেন।।	Neutral
25416	একজনের সাথে তিন জন এটা কি হলো	Negative
25423	প্রতিবাদী মিলন dqqqq	Neutral
25460	মাদারির চোদ ইমরান তুর গালে জুতা মারি,	Negative
25470	ইমরান ভাই আললাহ তুমাকে হেদায়াত দেন	Positive
25498	এই হিন্দুর সালার বউকে যদি ছাত্রলীগের পোলাপাইনরা,তারই সামনে ধর্ষন করত,তা হলে ভালো ছিলো	Neutral
25519	সুভাষ কে ডিম থেরাপি দেবে একদিন ছাএ লীগ।	Neutral
25551	মাহামুদা খানকি মাগির পোলা	Negative
25562	আপনারা খমতায় থাকা কালিন কি কোরেছেন তা আপনাদের মনেনাই কি বলেন আপনারা কি, এক হয়ে দেশ চালান দেশ আর আগে নিয়েজান আমরা আর আপনাদের বি তরকো সুন্তে চায়না	Negative
25631	মাহমুদুর রহমান তোর আর তোদের বাপ । তোদের বাবারা যে শিক্ষা তোদেরকে দিতে পারেনি মাহমুদুর রহমান তা তোকে এবং তোদেরকে দিচ্ছে । ভাল করে গিলে নে ।	Negative
25634	বাংলাদেশ যদি ভারতের কলোনি হয় তবে খালেদা প্রধান মনএী হবে কোন দেশের ? ।	Neutral
25676	মাহমুদুর কথা গরুু ছাগল চাড়া কেউ শুনেনা	Negative
25931	জাফর নাস্তিক মাদারচুদকে আগুনে পুরে মারার দরকার,	Negative
25959	ভাই আপনাকে হাজার বা সালাম	Positive
25977	সত্য বলেছেন	Positive
25997	ধুর মাগির পোলা	Negative
26014	আমরা মুসলিম ভাই ভাই নাস্তিক মুক্তো বাংলাদেশ	Positive
26127	অাপনি কথা বলতে গিয়ে কতটা ইংলিশ শব্দ বলেছেন লক্ষ্য করছেন? বাল পাকনামী কম করেন। এগুলো প্রতিবাদ না বন্ডামীর নতুন নাম।	Negative
26277	সাবাস বাঙালি মুসলমান প্রতিবাদীদের প্রতিবাদ করতে যাওয়া নাস্তিকের বিরুদ্ধে করতেই থাকবে থাকবে না কখনো প্রত্যেক মুসলমানের দরকার জেগে ওঠার মুসলিম জাগো	Neutral
26278	এই শয়তান কাফররে কুপিয়ে মারলে খুসি হতাম	Negative
26278	এই শয়তান কাফররে কুপিয়ে মারলে খুসি হতাম	Negative
26342	মতিয়া কে মন্ত্রী কে বানিয়েছে উফ জত্তসব পাগল ছাগল মন্ত্রী হয়েছে,মনে হচ্ছে কোনো এক সময় কাজের বুয়া ছিলো	Negative
26351	ইলিয়াস কাঞ্চন কে ধন্যবাদ	Positive
26492	Pretty queen আপনাকে তো নোবেল দেয়া উচিত	Neutral
26580	নুসরাত ফারিয়ার দালাল রা সক্রিয় হয়েছে।এরাই ফেক একাউন্ট খুলে ১৬ হাজার লাইক দিয়েছে। কিন্তু সত্যের জয় হবেই।আনলাইক কখনোই লাইক এর কাছে পরাজিত হবে না।এত আনলাইক দেখে যারা ইচ্ছে মত গান বানিয়ে লেংটা নাচ দেখিয়ে আমাদের দেশের মানুষ কে কষ্ট দেয়,সংগীত কে নিচে নামায়,সংগীত শিল্পী দের যুগের পর যুগ সাধনা কে অস্বীকার করার সুযোগ দেয়,একরাতের ভিতর সংগীত শিল্পি বনে যায়,তাদের জন্য এটা মহা শিক্ষা।তারা যেন ভবিষ্যতে এমন করার দুঃসাহস ও না দেখায়,সেটাই হউক আমাদের সকল প্রতিবাত ও ডিসলাইকের মূল লক্ষ্য।ধন্যবাদ।	Negative
26580	নুসরাত ফারিয়ার দালাল রা সক্রিয় হয়েছে।এরাই ফেক একাউন্ট খুলে ১৬ হাজার লাইক দিয়েছে। কিন্তু সত্যের জয় হবেই।আনলাইক কখনোই লাইক এর কাছে পরাজিত হবে না।এত আনলাইক দেখে যারা ইচ্ছে মত গান বানিয়ে লেংটা নাচ দেখিয়ে আমাদের দেশের মানুষ কে কষ্ট দেয়,সংগীত কে নিচে নামায়,সংগীত শিল্পী দের যুগের পর যুগ সাধনা কে অস্বীকার করার সুযোগ দেয়,একরাতের ভিতর সংগীত শিল্পি বনে যায়,তাদের জন্য এটা মহা শিক্ষা।তারা যেন ভবিষ্যতে এমন করার দুঃসাহস ও না দেখায়,সেটাই হউক আমাদের সকল প্রতিবাত ও ডিসলাইকের মূল লক্ষ্য।ধন্যবাদ।	Negative
26597	CMV ভাই পটাকা	Neutral
26735	এটা কোন ধরনের গান?আসলে গান না অন্য কিছু?রুচিতে বাধে।।।ছিহ	Negative
26855	বালের গান এইটা কোনো গান হলো মনে হচ্ছে কেরতন গাইছে	Negative
26992	এই খানিকটা বাংলাদেশের কলঙ্ক, খানকি সানি লিয়ন হইতে চায়, চুতিয়ার মায়রে বাপ।	Negative
26992	এই খানিকটা বাংলাদেশের কলঙ্ক, খানকি সানি লিয়ন হইতে চায়, চুতিয়ার মায়রে বাপ।	Negative
27266	গানটা দেখলে মেজাজ খারাপ হয়ে যায়। নুসরাত কে পুরাই ফইন্নি লাগে। তোমার পোষাক না থাকলে আমাকে বল। আমার অনেক পোষাক। লাগলে পাঠিয়ে দিচ্ছি	Negative
27418	ভাইয়া একটা রিভিউ দেন দুইটার	Neutral
27724	জয় বাংলা।	Neutral
27754	মাসাআল্লাহ	Positive
27758	Mokbul Kuwait ভাই এইটার মধ্যে কি শেখ হাসিনা আছে না কি?	Neutral
27782	ভাই অাপনাদের কাছে অনুরোধ সামনে নিরবাচনে বিএনপি, এরশাদ যাকে মন চায় দিয়েন।অাওয়ামিলিগ কে দিয়েন না।অামি সত্য পথে,অামি চাই ভাল সরকার যে দেশের জন্য ভাবে।অামাদের দেশ অনেক সুদে ঝন এর মধ্যে অাছে,সেতু এবং স্যাটেলাইট জন্য।	Positive
27785	ভাই আপনার কথা অনেক যুক্তি আছে ধন্যবাদ	Positive
27825	ডিজিটাল দুর্নীতি। সাবাস বাংলাদেশ, কাংগালদেশ হতে আর বাকী নেই।	Negative
27911	ভাওতাবাজি তখন হবে যখন এটি আসলেই আমাদের কাজে লাগবেনা বা লাভবান হবে না। তবে আশা করি এটি আমাদের দেশের মানুষের কাজে লাগবে এবং দেশ লাভবান হবে।	Positive
27942	বাংলাদেশের লোকের ঐ এক সভাব নিজের কাজ নাক না গলিয়ে অন্যর কাজে না গলায়, জনগন তো জানেই কোন দল কেমন পারে? সব দলই তো লুটে পুটে খায় আমার কথা হচ্ছে এর মধ্য কোন দল ভাল কাজ করলে জনগন তাকেই সাধুবাদ জানাই	Neutral
27942	বাংলাদেশের লোকের ঐ এক সভাব নিজের কাজ নাক না গলিয়ে অন্যর কাজে না গলায়, জনগন তো জানেই কোন দল কেমন পারে? সব দলই তো লুটে পুটে খায় আমার কথা হচ্ছে এর মধ্য কোন দল ভাল কাজ করলে জনগন তাকেই সাধুবাদ জানাই	Positive
27987	রাইট বলেছেন বাংগালী আবাল তাই যে যা বলে সবাই তাই মানে	Negative
28100	বাংলাদেশ কে আমার সালাম ।।।। সরকার নিয়ে কথা বলতে চাই না।।। কে জানি জেলেই দিয়ে দেয় ভাল নিজেরা না বুঝলে কি দরকার সরকার।।।।। I love my country nothingss to কারণ আপন ভাই খুন করে অপর ভাইকে সেখানে এমন কথার মানে হয় সাবাই এক হও	Negative
28148	আমি কোন পলিটিক্স কর্নার থেকে বলছি না। একটা দেশের সেটেলাইট কখনোই শুধু আর্থিক সুবিধার জন্য না। আমাদের অভ্যন্তরীণ নিরাপত্তা,তথ্য প্রযুক্তি, আর্মি,ন্যভাল, এয়ারফোরস এসব বাহিনীর অপারেশনাল কাজে সেটেলাইটর বিকল্প ভাল কিছু নাই। তরুন গবেষক, মহাকাশ সম্পর্কিত বিষয়ে আমাদের অনেক অগ্রসর হবে। দুরনিতি নেই কোথায়! তবে যেখানে সারা পৃথিবি এগিয়ে যাচ্ছে বিজ্ঞানে সেখানে বাংলাদেশের জন্য সেটেলাইট অনেক বড় অর্জন। ভাই ভাল কাজের নুন্যতম কৃতজ্ঞতা প্রকাশ করা উচিত।	Neutral
28187	শেষটা ভাল ছিল	Positive
28195	সব ফাইজলামি ভাই	Negative
28330	সাববাশ বেটি	Positive
28440	সবাই যদি কি রেজাকার।	Negative
12600	ঘেউ!  :P	Negative
26638	পাঠির পাঠির ঘরে পাঠি তরে পেটে ধরছে কোন বেটি	Negative
24328	প্রকৃত মুক্তিযোদ্ধা	Neutral
21631	পুরোনো জিনিস দেখি	Neutral
26371	কিশোরগঞ্জ বলে কথা,	Positive
10103	এই গানটা শুনার পর কেন জানিনা মন টা ভালো হয়ে যায়। ossum song. Love u minar	Positive
23529	শান্ত-মারিয়ম ইউনিভার্সিটি এসে দেখে যাও পড়াশুনা কাকে বলে,আউল-পাউল ইউনিভার্সিটি সাথে সব ভাসিটির তুলনা করবেন না,সব প্রাইভেট ভার্সিটি এক পাল্লায় মাপবেন না!	Neutral
4470	শেষের দৃশ্যটা অসাধারণ ছিলো :)	Positive
24808	হিন্দুদের দালাল	Negative
26352	এটা আবার কেমন মন্ত্রী,যে কীনা কথাই বোঝতে পারে না।	Negative
25082	মাদার চোদ	Negative
23913	ব্যবস্থা অবশ্যক	Neutral
10960	দিনের বেলায় কেন আমি টিয়ারশেলের গন্ধে হলে থাকতে পারিনি। নওফেল চোখে দেখেন না। বিকাল মেলায় আজিজ সুপার এর দোকানকাররা দোকান বন্ধ কেন করলো	Negative
26329	কান্চন সাহেব দারুন কতা বলছেন	Positive
18047	আপনার কথার সাথে আমি একমত।আমাদের নিজস্ব কোনো sports chanel নেই।আমরা প্রচারের দিক থেকে অনেক পিছিয়ে আছি।যতই ঢাকঢোল পিটটয়ে বলা হয় যে বিপিএল সেরা।বাস্তবিক ক্ষেত্রে কিন্তু সেটা আদও হয়নি।	Neutral
19296	মামুবুল রা কোথায়/?	Neutral
26069	তুইযে মাদারচোতটা জানি khankir pola গাজী	Negative
5664	তুই তুকারি টা সংলাপে অতিরিক্ত হয়ে গেছে	Negative
25266	এমরান সরকারের ফাশি ছাই	Negative
25677	মাহমুদূর রহমানের কথা তুই কি জন্য শুনচত তুই হইলে এক নামবার গরু ছাগল,	Negative
28050	সত্যি মিথ্যা সব সময়ই বলে দিবে	Neutral
25075	কি দারুন তিনজন বনাম একজন। তিন শুয়োরের সাথে এক মুসলিমকে কামড়ানোর আয়োজন । উপস্থাপক আরেকটা কুত্তা	Negative
16058	এক কথাই অসাধারন	Positive
25095	এইমহিলা মাকিৱদালাল আৱ এমৱান হল টিকাদাৱ	Negative
26319	ইলিয়াছ ভাই আপনে অনেক ধন্যবাদ৷	Positive
27698	জয় বাংলা!!	Positive
25926	মীর জাফরকে জুতার মালাপড়ানো হউক।	Negative
14613	প্র‍্যাক্টিক্যাল শিক্ষায় জোর দেওয়া উচিৎ। সৃজনশীল ৫ টা এমসিকিয়ু ৫০ করা উচিৎ। ক্লাসে স্যার এসে চুল বুঝায়। প্রাইভেট গিয়ে বুঝে নিতে হয় মোটা টাকা দিয়ে। ব্যাবহারিক এর টাকা কোথায় জায়। ল্যাবের করুণ অবস্থা।	Negative
8767	akbar hossin নিজে ভালো হন তাইলে অন্যরাও ভালো হবে।পুলিশ খারাপ কারন আপনে খারাপ তাই মনে হয়	Neutral
25592	সালাম স্যার	Positive
25771	মহান একজন মানুষ স্যার আাপনি	Positive
16715	List 10 মিনিট মোটেও ভালো লাগি নি ।	Negative
26696	বন্ধুরা আমার চ্যানেল টি সবাস্ক্রাইব করুন আপনাদের ভালোবাসা পেলেই আমি ভিডিও আপলোড	Neutral
18158	Rubaiya Tabassum হুম তাই তো দেখছি	Neutral
8908	আহা ফেসবুক! শুভকামনা রইলো তালাশ টিম	Positive
19244	সময় যখন ক্রিকেট পাগলদের তখন কেন ফুটবল নিয়ে আনাগোনা	Negative
25425	ভালো হতে ফয়সা লাগে না।	Neutral
24948	ভাই এই কমেন্টগুলো দেখলেইতো বুঝা যায় কার সাপোর্ট বেশী। নাস্তিকদের নাকি আলেমদের	Neutral
26107	ছাগলে কিনা খায় পাগলে কিনা বলে	Negative
14663	শিক্ষা বেড়েছে ঠিক কিন্তু, আদর্শ শিক্ষা বাদ পড়ে গেছে	Negative
28192	Reference link দিয়ে কথা বলবেন, এভাবে কথা বলে দেশের উন্নতি দুরে ঠেলে দিবেন না, প্রতিটা জিনিসেই কমবেশি নেগেটিভ, পজিটিভ থাকে!!	Neutral
16030	নাটকটা এককথায় খুবই চমৎকার।	Positive
14799	এই বুড়ো বয়সেও ফিলিংছে আছি । উলটা পালটা কি প্রশ্ন করেন ?	Negative
20630	আস্সালামুআলাইকুম ভাইয়া, আপনার অনেক ফলোয়ার, আপনি দয়া করে ইসলাম নিয়ে ভিডিও বানান, যেই ভিডিও তে মানুষ নামাজ, কুরআন, সুন্নাহ সম্পর্কে জানবে, তাহলে আপনার মাধ্যমে আপনার অনেক ফলোয়ার যারা আপনাকে ভালোবাসে তারা অনেক বেশি উপকৃত হবে। জাজাকাল্লহ খায়ের।	Positive
26828	গানটা এতোটাও খারাপ না।। আমার মতে অনেক ভালো	Positive
6457	এতো সুন্দর হয় কিভাবে একটা গান ? যতবার শুনেছি এক জীবনে তত কদম হাটলে চাঁদে চলে যেতাম শিওর । দ্যাট সং মেক মি আ গ্রেট ফ্যান অব অর্ণব সিন্স টু থাউজেন্ড সেভেন । পুরনো হবে না রুদ্র মুহাম্মদ শহীদুল্লার ভালো আছি ভালো থেকোর মতই :) আর ডিজলাইক দেয়া পাবলিকগুলোকে দয়া করে কেউ প্রান গোপাল দত্তের কাছে পাঠিয়ে দিয়েন	Positive
27683	সবি ঠিক আছে অবস্থান নিয়ে আমার সংশয় রয়েছে, অবস্থান হলো কেনো? পূর্ব থেকে দ্রাঘিমাংশে অর্থাৎ বাংলাদেশের নিজস্ব অবস্থানে হলো না কেন? কেউ সঠিক উত্তর জানলে জানাবেন	Neutral
25517	কিন্তু	Neutral
27977	সেটালাইট খুব ভালো কথা কিনতু মানুষসে কি উপুকার হবে	Neutral
25288	এই শালা জারজ ইমরান,	Negative
15623	প্রতিটা মুহূর্তে প্রেমে পড়েই গেছি আমি।অসাধারণ একটা নাটক দেখলাম। আর নিশো ভাই তো	Positive
27703	প্রধানমন্ত্রী শেখ হাসিনাকে ধন্যবাদ ছোটলোকের পাঠানোর জন্য ইন্টারনেট সুবিধার জন্য	Positive
25787	অশিক্ষিত, মুর্খ, জঙ্গি জামাত সাপোর্টাররা জাফর ইকবালকে সহ্য করতে পারেনা। এই কমেন্ট সেকশনেই তাদের কুৎসিত কমেন্ট দেখে হাতে নাতে প্রমাণ পাবেন।	Negative
8284	প্রিও তুষার ভাই ।।। অনেক দিন পর আপনার কন্ঠ শুনে খুব ভাল লাগছে	Positive
25428	nowsher siraj শ্রী পুর	Neutral
24832	আরে হারামজাদা নাস্তিক রা,, বিভিন্ন বানোয়াট কথার মাধ্যমে আল্লাহর একজন আলেমকে অপমান করা ছুটায় যাবে তোদের। এমন তো না যে সারা জীবন বাঁচি থাকবি তোরা। একদিন না একদিন তো মরবিই নাস্তিক তোরা। যেদিন-যখন মরবি ঠিক তখন থেকেই হারে হারে উপলব্ধি করতে পারবি তোরা যে জাহান্নামের শাস্তি কতটা কঠোর ও	Negative
19883	এদের টাকা দিয়ে পুষে	Negative
24549	হালার পুত তিমি একটা পাগল	Negative
16841	বাংলাদেশের নাটক গুলা দেখার প্রত্যকটা নাটক গুলা অনেক	Positive
27697	ঠিক আছে	Neutral
26031	youtube search করে দেখ ভূতের বাচ্চা সোলায়মান নাটক, কোন নাস্তিকতা নাই	Neutral
25717	ভাল লাগল স্যার	Positive
25570	সুয়ার বাচচা তুই আজ এখানে আজ কথা বলতে পারছিস কার জন্য শেখমুজিবর এর জন্য	Negative
11266	প্রতিবন্দীদের জন্য ১%-জেলা+ নারী কোটা -২০% ।অাহারে কী সিস্টেম ??	Negative
25541	বেয়াদবের ঘরে তো বেয়াদব ই হয়।	Negative
28349	ওপারের নাথের লেখা জাতীয় সঙ্গীত প্রতিদিন গাইলে কি ছওয়াব হবে আর না গাইলে আল্লাহ কি নারাজ হবেন ?	Neutral
17363	২০০০ সনের b+ আর এখন কার দিনের golden a+চেয়ে বেশী মান রাখে।বরতমানের লেখাপরার মান খুবেই খারাপ	Negative
25045	এসব মাগিরে কুততা দিয়ে গুয়া মাড়া দরকার।	Negative
23701	যারা মাদকদ্রব্য কমিশনে কাজ করেন তাদেরকে আগে বিচারের আওতায় আনা দরকার।তাদের কাজটা কি শুধু আইন বাতলে দেওয়া?	Negative
26885	সময়ের মতো সময় চলে যায় কিন্তু কিছু আবাল আলগা সিদ্দিক আবালি থেকে যায়।	Negative
26532	shakil ahmed মাইরালা অামারে হানি খাই মরি রাই	Neutral
11297	সুমি কায়ছার কেমনে শহীদ পরিবারের লোক হলো? pls আমাকে একটু বলবেন।	Neutral
26284	বয়রা মতিয়ার, শালি কান পরিষকার করেনা।	Negative
28100	বাংলাদেশ কে আমার সালাম ।।।। সরকার নিয়ে কথা বলতে চাই না।।। কে জানি জেলেই দিয়ে দেয় ভাল নিজেরা না বুঝলে কি দরকার সরকার।।।।। I love my country nothingss to কারণ আপন ভাই খুন করে অপর ভাইকে সেখানে এমন কথার মানে হয় সাবাই এক হও	Neutral
22927	খবরের।মারে।চুদি।আর।কিছু।আছে।	Negative
27881	'পাগলে কয় কি আর ছাগলেরা খায় কি'! !!!!!	Negative
25047	আরে ভাই ইমরানের গায়ে রাজাকারের রক্ত	Negative
11367	শমী কাওয়া ফাজলামি চুদাও?? বাল উঠেনি এখনো?	Negative
25046	ইমরান হাসৃমি আপনি দেকেন জনগন রা কি লিখে এটা ওয়ামিৃলিগ এর কিনা দেশ নাকি এটা জনগনের দেশ	Negative
4488	ভাই অপূর্ব তোকে বুঝতে হবে কুকুরের পেটে ঘি হজম হয় না	Neutral
25555	আপনি বা আপনার পরিবার কি বাল ফেলেছেন??	Negative
16961	নাটকের নামে বানান টা ঠিক করা দরকার। SCIENCE.	Negative
20296	তাছকিনকে বাদ দেওয়া হক	Neutral
22557	ভাই তরা দুই ছাগল তগরে কি ভাবস আল্লাহ ই ভাল জানে. পুরান পাগলে ভাত পায় না নতুন পাগলের আমদানি. carry on paglazzzzzz	Negative
25783	একজন ভালো মানুষ	Positive
28308	বালের চেতনার কারনেই এই অবস্থা :P	Negative
26359	বাঁশ দিলে হবেনা গাঁছ দিতে হবে।	Neutral
26326	ভাই যতো কথাই বলেননা কেন এদের লজ্জা নেই।সব বন্যায় ধুয়ে মুছে গেছে।	Neutral
26411	ধন্যবাদ ইলিয়াচ কানচন ভাই	Neutral
28006	জয় জনগন ঠেলা সামলা	Negative
25300	এমরান্না তুই কেরে । তর বাড়ি কই ।	Negative
28056	সরকারের কি হবে,হবেতো বাংলার খেটে খাওয়া মানুষের।	Neutral
25745	ভালবাসা।। স্যার	Positive
28196	স্যাটেলাইট দিয়ে দেশের কিছু না হোক, কিছু লোকের তো কোটি কোটি টাকা খাওয়ার রাস্তা হল ।	Negative
19641	টুর্নামেন্ট শেষ হওয়ার আগেই পুরষ্কার ঘোষণা ঠিক না। এটা পাপনের বোঝা উচিত।	Negative
28062	খুদাত্র মানুষের মুখে খাবার জরুরী আর কিছু না।	Neutral
14963	ওরা ছাত্রলীগ না ওরা হারামীর বাচ্চা	Negative
20438	পুরো কৃতিত্ব মুশিকে দিলি?? লিটন যদি ওই স্টার্ট না করতো তবে,মুশির বাপও জয় আনতে পারতো না	Negative
19354	বাংলাদেশ ফুটবল টিম থেকে গোছানো খেলা খেলসে।	Positive
24680	মুক্তিযোদ্ধার সন্তানেরা এখন পরিচয় দিতে লজ্জা পায়।	Negative
10977	চোরেরা ..	Negative
24880	সাখায়াত হুসাইন জয় নাস্তিকদের পরাজয় অথ্রব কুথাকার	Negative
25151	ত্রসব হুজূর না ত্রগূলো হল শয়তান আমী যা বুজী যারা অরজীনাল হুজূর তারা কখনো রাজনিতী করেনা তারা শূধূ ইসলমের বেপারে সবাইকে বুজায়	Negative
26137	নাস্তিক জাপুর ইবাল	Negative
26312	প্রিয় হিরো ঠিক বলছেন	Positive
26371	কিশোরগঞ্জ বলে কথা,	Positive
19296	মামুবুল রা কোথায়/?	Neutral
25620	"Code - Uncode ""তুনি কি কখনো রাষ্ট্রবিজ্ঞান পড়িছিলি ?"" আমার কাছে এলে আমি তোমাকে ( মি. মাহমুদুর রহমান ) ফ্রি শিখাবো ।"	Negative
7270	+Neamot Ullah সহজ বাংলায় ENT specialist হলো নাক-কান-গলা বিশেষজ্ঞ । :)	Neutral
25631	মাহমুদুর রহমান তোর আর তোদের বাপ । তোদের বাবারা যে শিক্ষা তোদেরকে দিতে পারেনি মাহমুদুর রহমান তা তোকে এবং তোদেরকে দিচ্ছে । ভাল করে গিলে নে ।	Negative
16815	প্রাক্তন থাকাকালে এমন এই নাটকটা বানালে ভালো নামের সাথেও মিল আছে দেখছি। নাটক তো জমে ক্ষীর!	Positive
25707	মুক্ত চিন্তা মানেই কি ০ ইসলামের বিরুদ্ধে কথা বা লেখাই ? ০ আর হুমায়ুন জাফর এরা কি মুক্তি যোদ্ধা ? এদের তো মুক্তিজুধদে জাওয়ার বয়স ছিল জুধদে জাওয়ার কেহ তো গেলেন না - আর তাদের মাতাই তার লিখিত বইয়ে লিখেছেন তাদের নানাকে মেরেছে মুক্তিজধদারা - তাদের বাবা তো পাকিস্তান স্রকারের পক্ষ ত্যাগ না করে জুদ্দে জান নাই ০ স্বাধীনতার আগ পর্যন্ত পাকিস্তান সরকারের গলাম ছিলেন ০ উনারা পাকিস্তান সরকারের মাহিনা খাইছেন - আর জাফর সাহেবের ইস্তির গায়ে হাত কারা দিয়েছিল ? আর নুহাশ পল্লী হল গেনি পাপিদের পতিতা লয়	Negative
4341	শেষের কাহিনী টা এরকম না করলেই ভালো হতো।	Negative
18514	MD MIRAZ UDDIN MINTU হুম ঠিক ফিটনেসটা অনেক গুরুত্বপূর্ণ যেকোনো খেলার জন্য	Neutral
25267	নাস্তিকরা কিসের জন্যে এত খুশি?	Neutral
25296	কোরআন কি বুজবিরে কুত্তা বাচ্চা	Negative
18010	Sharif Ahmad Saha r8 আমার একটা ছট্ট চ্যানেল আছে হয়তো আপনার ভাল লাকতে পারে। গুরে আসার দাওয়াত রইল।	Positive
27814	আপনি কি সাটেলাইট সাইন্স নিয়ে পাস?	Neutral
19828	নাগিনের বিষাক্ত দংশনের যন্ত্রণা কেমন দেখেছ , হে ! হুজুগে মাতাল জাতি ?	Negative
17625	পোলায় ক্লাস সেভেনের পড়াও বোঝেনা।	Negative
4404	ভালোবাসার বাহিরেও কিছু করা যায়। বালের ভালোবাসার নাটক সবদিকে	Negative
25514	এমরান তুই কি কুকুরের ছেলে নাকি বিড়ালের ছেলে	Negative
25118	সুলতানা কামাল আপনি এত বাচাল কেন?	Negative
25631	মাহমুদুর রহমান তোর আর তোদের বাপ । তোদের বাবারা যে শিক্ষা তোদেরকে দিতে পারেনি মাহমুদুর রহমান তা তোকে এবং তোদেরকে দিচ্ছে । ভাল করে গিলে নে ।	Neutral
25425	ভালো হতে ফয়সা লাগে না।	Negative
19167	N S Naem পাপন সারকে বলছি আপনে তারাতারি আশরাফুল কে দলে আনেন পিলিস সার পিলিস	Neutral
25036	আচ্ছা আপনারা নাস্তিক আনেন তিন- চারজন আর মাওলানা আনেন একজন কেন? জবাব চাই।	Negative
18830	আমি আসা করছি আশরাফুল আগের ফর্ম ফিরে পাবে,সেই সাথে বাংলাদেশ এর জন্য ভালো কিছু নিয়ে আসবে চমক,তার বক্তদের জন্য। আমরা সেই আসাতেই আছি।	Neutral
26005	ঠিক বলেছেন	Positive
8646	ভাই আমাকে আপনাদের সাথে কাজে নিবেন?? ব্যাপক ইচ্ছা আমার	Positive
23229	যে দেশের রাস্তাই ঠিক নেই। একটু বৃষ্টি হলেই রাস্তার মধ্য হাটু জল থাকে। ফিটনেস বীহিন গাড়ি, ব্যক্তিগত গাড়ি আর আমাদের নিয়ম ভাঙ্গার অভ্যাস তো আছেই।	Negative
7457	ভাই আপনার কথা best funny	Positive
22795	জবাই করে খাও।	Negative
25817	অনুষ্ঠানের নামটা খুব চমৎকার। সামিয়া রহমান এর উপস্থাপনা আর জাফর ইকবাল স্যারের কথা মুগ্ধ করেছে।	Positive
26003	আজ কথায় কথায়, সব মানুসেই ইংরেজি বাংলা ভুলে যাচ্ছে	Negative
26187	দেশে দু একটা কুলাঙ্গার থাকবেই তবে দেশের কিছুই হবে না	Negative
27961	আমি কিছু বুঝতাছি না কি বলবো?	Neutral
28453	এধরনের রাজাকারের বাচ্চাদের কুকরের মতপেটানো হোক	Negative
25705	অনেক ভালো লাগলো স্যার। স্যার সাধারণ মানুষ আপনাকে ততটা বুঝে না, যেখানে আমরা আপনান ভালো করে চিনি না। তারপরেও আমি বলবো, আপনি যাদেরকে আপন মনে করেন আসলে তারা আপনার কতটা আপনজন।	Neutral
26005	ঠিক বলেছেন	Positive
25524	গনজাগরণ মন্চ জাসদ,বাসদের গোস্টী।রাশিয়ার দালাল।	Negative
25299	এখানে মোট ৫জন সদস্য আছে । তার মধ্যে দুই জন নারী কেয়াল করবেন দর্শকরা । বুঝতেছি এখানে ১০থেকে ১৫জন নারীর উপস্থিত বুঝা যাচ্ছে দুই অসভ্য নারির আলামতে	Negative
25298	উপস্থাপক কে ধন্যবাদ।	Positive
26127	অাপনি কথা বলতে গিয়ে কতটা ইংলিশ শব্দ বলেছেন লক্ষ্য করছেন? বাল পাকনামী কম করেন। এগুলো প্রতিবাদ না বন্ডামীর নতুন নাম।	Negative
3518	ভাই এই মুবির নাম কি?	Neutral
26485	Didarul Karim নুসরাত ফারিয়া কিন্তু এই মুর্খ, কমশিক্ষিত আর বাঙালি জাতীকে রিপ্রেজেন্ট করে। সকলের আপত্তির জায়গাটা কে সম্মান দিতে শিখুন! আমিও ফারিয়ার শিক্ষা স্মার্টনেস কে পছন্দ মেয়ে! ছয়মাস অনুশীলনের ফল : বাংলা উচ্চারণ সব মিলে এই আউট	Neutral
9324	এমন কিচু জানোয়ার জন্ম নিয়ে সে সাধারন মানুষ কে কষটো দেয়ার জন্য,	Negative
25371	ইমরানরে জুতা খুলে মুজা দিয়ে পিটানো উচিৎ। শালার তিনটা কাফিররে ফাসি দেওয়া উচিৎ	Negative
